,Quran_Words,Number_of_occurrences
0,مِنْ,1673
1,فِي,1185
2,مَا,1010
3,اللَّهِ,940
4,لَا,812
5,الَّذِينَ,810
6,اللَّهُ,733
7,مِنَ,693
8,عَلَى,670
9,إِلَّا,662
10,وَلَا,658
11,وَمَا,646
12,إِنَّ,609
13,اللَّهَ,592
14,أَنْ,519
15,قَالَ,416
16,إِلَى,405
17,مَنْ,372
18,يَا,350
19,إِنْ,344
20,ثُمَّ,337
21,بِهِ,327
22,لَهُمْ,325
23,كَانَ,323
24,بِمَا,296
25,لَكُمْ,294
26,ذَلِكَ,280
27,لَهُ,275
28,الَّذِي,268
29,هُوَ,265
30,أَوْ,264
31,قُلْ,263
32,آمَنُوا,253
33,قَالُوا,250
34,فِيهَا,241
35,وَاللَّهُ,239
36,وَمَنْ,234
37,كَانُوا,229
38,الْأَرْضِ,219
39,إِذَا,195
40,هَذَا,190
41,كَفَرُوا,189
42,كُنْتُمْ,188
43,عَلَيْهِمْ,183
44,هُمْ,180
45,شَيْءٍ,179
46,السَّمَاوَاتِ,175
47,وَهُوَ,171
48,وَإِنْ,170
49,وَالَّذِينَ,164
50,لَمْ,163
51,إِنَّا,156
52,فَلَا,156
53,إِذْ,156
54,عَنْ,153
55,أَيُّهَا,150
56,إِنَّهُ,147
57,عَلَيْكُمْ,146
58,عَلَيْهِ,145
59,مِنْهُمْ,145
60,حَتَّى,142
61,بِاللَّهِ,139
62,وَهُمْ,136
63,الرَّحْمَنِ,133
64,أُولَئِكَ,133
65,يَوْمَ,133
66,إِنِّي,131
67,وَإِذَا,130
68,مُوسَى,129
69,فِيهِ,127
70,وَلَقَدْ,124
71,كُلِّ,123
72,قَدْ,120
73,الرَّحِيمِ,118
74,لِلَّهِ,116
75,رَبِّكَ,116
76,بِسْمِ,115
77,الدُّنْيَا,115
78,إِنَّمَا,113
79,بَلْ,113
80,مِمَّا,111
81,أَمْ,110
82,وَلَوْ,108
83,وَالْأَرْضِ,108
84,يَشَاءُ,108
85,مِنْكُمْ,105
86,رَبِّ,101
87,فَلَمَّا,101
88,عَلِيمٌ,100
89,أَنَّ,99
90,عِنْدَ,98
91,النَّاسِ,92
92,رَبِّي,91
93,فَإِنْ,89
94,مِنْهُ,88
95,يُؤْمِنُونَ,86
96,فَمَا,86
97,مِنْهَا,86
98,فَإِذَا,86
99,وَقَالَ,85
100,وَكَانَ,84
101,دُونِ,83
102,لَنَا,83
103,كَذَلِكَ,83
104,تَعْمَلُونَ,83
105,بَعْدِ,82
106,يَعْلَمُونَ,81
107,السَّمَاءِ,81
108,وَإِنَّ,81
109,رَبِّهِمْ,80
110,هُمُ,80
111,لِلَّذِينَ,79
112,بِهَا,79
113,أَلَمْ,78
114,الْكِتَابَ,78
115,خَيْرٌ,78
116,أَنْتُمْ,78
117,الْمُؤْمِنِينَ,78
118,عَذَابٌ,77
119,شَيْئًا,77
120,الْكِتَابِ,77
121,لَوْ,77
122,إِلَيْهِ,76
123,إِلَيْكَ,74
124,بِالْحَقِّ,74
125,رَبَّنَا,72
126,سَبِيلِ,72
127,فَإِنَّ,71
128,قَبْلُ,70
129,النَّارِ,70
130,بَيْنَ,70
131,الْقِيَامَةِ,70
132,عَنِ,70
133,وَإِذْ,69
134,لَكَ,69
135,فَمَنْ,67
136,عَنْهُمْ,67
137,هَلْ,66
138,نَحْنُ,65
139,الظَّالِمِينَ,64
140,وَمِنْ,64
141,يَوْمَئِذٍ,63
142,كُنَّا,63
143,إِنَّهُمْ,62
144,كَيْفَ,62
145,يَعْلَمُ,62
146,الْعَالَمِينَ,61
147,وَقَالُوا,61
148,كَمَا,59
149,لَعَلَّكُمْ,59
150,الصَّالِحَاتِ,59
151,لَنْ,59
152,رَحِيمٌ,59
153,لِي,59
154,خَلَقَ,58
155,مَعَ,58
156,قَوْمِ,58
157,وَلَكِنْ,57
158,الَّتِي,57
159,بِآيَاتِنَا,57
160,جَاءَ,57
161,شَاءَ,56
162,يَعْمَلُونَ,56
163,عَلَيْكَ,56
164,تَعْلَمُونَ,55
165,أَعْلَمُ,55
166,أَنْتَ,55
167,قَلِيلًا,55
168,رَبَّكَ,55
169,الْآخِرَةِ,55
170,لِمَنْ,55
171,أَلَا,54
172,بَيْنَهُمْ,54
173,بَعْدَ,54
174,جَهَنَّمَ,54
175,وَعَمِلُوا,53
176,وَلَكِنَّ,53
177,الْكَافِرِينَ,52
178,لَقَدْ,52
179,عَلَيْنَا,51
180,يَقُولُونَ,51
181,لِلنَّاسِ,51
182,لِقَوْمٍ,51
183,غَفُورٌ,51
184,فَقَدْ,50
185,جَمِيعًا,49
186,إِنَّكَ,49
187,أَنَا,49
188,كُلَّ,49
189,تَجْرِي,48
190,الْحَقُّ,48
191,النَّاسَ,48
192,فِرْعَوْنَ,48
193,لَهُمُ,48
194,أَرْسَلْنَا,48
195,الصَّلَاةَ,47
196,أُنْزِلَ,47
197,كُلُّ,47
198,هِيَ,47
199,عَمَّا,47
200,أَنْزَلَ,47
201,إِبْرَاهِيمَ,47
202,لَيْسَ,47
203,وَلَمْ,47
204,كَثِيرًا,46
205,هَذِهِ,46
206,رَبِّكُمْ,46
207,فَأُولَئِكَ,46
208,الْعَزِيزُ,46
209,عَلَيْهَا,46
210,الْأَرْضَ,45
211,أَفَلَا,45
212,مُبِينٌ,45
213,أَلَّا,45
214,جَعَلَ,44
215,رَبِّهِ,44
216,وَيَوْمَ,44
217,لَكُمُ,43
218,رَبُّكَ,43
219,وَقَدْ,43
220,خَالِدِينَ,43
221,وَأَنَّ,43
222,النَّاسُ,42
223,وَأَنْتُمْ,42
224,بَنِي,42
225,يَهْدِي,42
226,وَلَهُمْ,41
227,هَؤُلَاءِ,41
228,أَصْحَابُ,41
229,إِسْرَائِيلَ,41
230,أَنَّهُمْ,41
231,بِغَيْرِ,41
232,لَهَا,41
233,لَعَلَّهُمْ,41
234,وَالْأَرْضَ,41
235,فَهُمْ,40
236,الْأَنْهَارُ,40
237,قَوْمًا,40
238,وَعَلَى,39
239,ظَلَمُوا,39
240,غَيْرَ,39
241,يُحِبُّ,39
242,مُبِينٍ,39
243,وَمِنَ,38
244,أَلِيمٌ,38
245,وَاتَّقُوا,38
246,لَوْلَا,38
247,وَكَذَلِكَ,38
248,يُرِيدُ,38
249,الْيَوْمَ,38
250,عَذَابًا,38
251,دُونِهِ,38
252,قُلُوبِهِمْ,37
253,قَدِيرٌ,37
254,جَنَّاتٍ,37
255,الْحَقِّ,37
256,بَعْضٍ,37
257,الْحَيَاةِ,37
258,خَيْرًا,37
259,إِلَهَ,37
260,عَذَابَ,37
261,كَذَّبُوا,37
262,إِلَيْهِمْ,37
263,عَنْهُ,37
264,وَجَعَلْنَا,37
265,أَنْفُسَهُمْ,36
266,بِهِمْ,36
267,صَالِحًا,36
268,قَبْلِهِمْ,36
269,يَقُولُ,35
270,تَحْتِهَا,35
271,لِمَا,35
272,الْعَذَابِ,35
273,وَكَانُوا,35
274,كُنْتَ,35
275,حَكِيمٌ,35
276,أَوَلَمْ,35
277,فَبِأَيِّ,35
278,قِيلَ,34
279,الشَّيْطَانُ,34
280,ذَلِكُمْ,34
281,بِآيَاتِ,34
282,مَعَهُ,34
283,بِكُلِّ,33
284,الْحَكِيمُ,33
285,وَفِي,33
286,وَإِنَّا,33
287,مُؤْمِنِينَ,33
288,مِنَّا,33
289,كَلَّا,33
290,أُوتُوا,32
291,رَبُّكُمْ,32
292,لَمَّا,32
293,آلَاءِ,32
294,يَوْمِ,31
295,عَظِيمٌ,31
296,آمَنَّا,31
297,صَادِقِينَ,31
298,نَفْسٍ,31
299,إِنَّكُمْ,31
300,عَلَيْهِمُ,31
301,وَلَمَّا,31
302,تَرَ,31
303,الْقَوْمِ,31
304,الْأَوَّلِينَ,31
305,رَبِّكُمَا,31
306,تُكَذِّبَانِ,31
307,الْمُحْسِنِينَ,30
308,جَاءَهُمْ,30
309,فَإِنَّمَا,30
310,وَلَئِنْ,30
311,اللَّيْلِ,30
312,قُلِ,30
313,حَيْثُ,29
314,جَعَلْنَا,29
315,لَآيَاتٍ,29
316,لَفِي,29
317,بِكُمْ,29
318,سَبِيلًا,29
319,بَيْنَهُمَا,29
320,عِلْمٍ,29
321,وَجَعَلَ,29
322,قَبْلِكَ,28
323,وَأَمَّا,28
324,الْعَلِيمُ,28
325,الرَّحِيمُ,28
326,مَرْيَمَ,28
327,أَبَدًا,28
328,تِلْكَ,28
329,الْآيَاتِ,28
330,الْعَذَابَ,28
331,فَهُوَ,28
332,يَوْمٍ,28
333,وَيَقُولُونَ,28
334,وَرَسُولَهُ,28
335,الدِّينِ,27
336,هُدًى,27
337,مَاءً,27
338,فَقَالَ,27
339,آيَاتِهِ,27
340,الْجَنَّةِ,27
341,كَانَتْ,27
342,بَصِيرٌ,27
343,أَنْفُسِهِمْ,27
344,وَلِلَّهِ,27
345,لَمِنَ,27
346,يَكُنْ,27
347,وَإِلَى,27
348,أَوْلِيَاءَ,27
349,ضَلَالٍ,27
350,الْإِنْسَانُ,27
351,قَوْمِهِ,27
352,الْإِنْسَانَ,27
353,الْحَمْدُ,26
354,آمَنَ,26
355,مَعَكُمْ,26
356,فَضْلِهِ,26
357,إِذًا,26
358,الْقَوْمَ,26
359,إِلَيْكُمْ,26
360,عَاقِبَةُ,26
361,فَسَوْفَ,26
362,قَوْمٌ,26
363,وَأُولَئِكَ,25
364,وَمِنْهُمْ,25
365,أَيْدِيهِمْ,25
366,أَنْزَلْنَا,25
367,ذُو,25
368,قَبْلِ,25
369,أَكْثَرَ,25
370,اللَّيْلَ,25
371,إِلَيَّ,25
372,أُمَّةٍ,25
373,لِكُلِّ,25
374,لَئِنْ,25
375,خَالِدُونَ,24
376,عَنْهَا,24
377,الْحَقَّ,24
378,الزَّكَاةَ,24
379,تَعْقِلُونَ,24
380,بِأَنَّهُمْ,24
381,بِالْبَيِّنَاتِ,24
382,الْمُشْرِكِينَ,24
383,فِيمَا,24
384,وَإِنَّهُ,24
385,الظَّالِمُونَ,24
386,وَلَوْلَا,24
387,الْمُرْسَلِينَ,24
388,وَرَسُولِهِ,24
389,قَالَتْ,24
390,يَرَوْا,24
391,الْآخِرِ,23
392,لِلْكَافِرِينَ,23
393,أَنَّهُ,23
394,الْأَرْضُ,23
395,بَعْضُهُمْ,23
396,بِإِذْنِ,23
397,أَهْلِ,23
398,الْمَصِيرُ,23
399,أَجْمَعِينَ,23
400,وَأَنْ,23
401,الْمُتَّقِينَ,23
402,بَيْنَكُمْ,23
403,عَزِيزٌ,23
404,يَدْعُونَ,23
405,خَبِيرٌ,23
406,آيَةً,23
407,وَلَهُ,23
408,قَوْمٍ,23
409,نُوحٍ,23
410,فَهَلْ,23
411,رَبُّ,23
412,وَلَنْ,22
413,فَأَمَّا,22
414,مَاذَا,22
415,عَنْكُمْ,22
416,فَلَنْ,22
417,بَلَى,22
418,الْعَذَابُ,22
419,عِبَادِهِ,22
420,أَكْثَرُهُمْ,22
421,كُلٌّ,22
422,الْهُدَى,22
423,رَسُولًا,22
424,آيَاتِنَا,22
425,يَعْقِلُونَ,22
426,وَإِلَيْهِ,22
427,رَحْمَةً,22
428,الْمُؤْمِنُونَ,22
429,عَلِيمًا,22
430,عَظِيمًا,22
431,أَجْرًا,22
432,الْقُرْآنَ,22
433,نَذِيرٌ,22
434,يَشْعُرُونَ,21
435,تَكُونُوا,21
436,وَالْيَوْمِ,21
437,عِنْدِ,21
438,النَّارُ,21
439,بِالْآخِرَةِ,21
440,جَاءَكُمْ,21
441,رَسُولٌ,21
442,مِمَّنْ,21
443,الرَّحْمَنُ,21
444,مَنِ,21
445,آيَاتِ,21
446,الْمَلَائِكَةُ,21
447,مُسَمًّى,21
448,أَهْلَ,21
449,وَكَفَى,21
450,عَسَى,21
451,اتَّخَذُوا,21
452,كَذَّبَ,21
453,خَلَقْنَا,21
454,يُنْفِقُونَ,20
455,مَثَلًا,20
456,عَدُوٌّ,20
457,تَعْبُدُونَ,20
458,مُلْكُ,20
459,السَّبِيلِ,20
460,تَوَلَّوْا,20
461,مُسْتَقِيمٍ,20
462,شَهِيدًا,20
463,بِالْمَعْرُوفِ,20
464,سَمِيعٌ,20
465,لَآيَةً,20
466,خَيْرُ,20
467,رَحِيمًا,20
468,غَفُورًا,20
469,أَنِ,20
470,غَيْرُ,20
471,قَبْلَ,20
472,أَحَدًا,20
473,أَخَافُ,20
474,عَمِلُوا,20
475,نَارًا,19
476,تَتَّقُونَ,19
477,تُرْجَعُونَ,19
478,بَعْدِهِ,19
479,تَشْكُرُونَ,19
480,آتَيْنَا,19
481,قَوْلًا,19
482,يَسْمَعُونَ,19
483,الْعَظِيمِ,19
484,السَّمِيعُ,19
485,الصَّالِحِينَ,19
486,إِلَيْنَا,19
487,عِنْدَهُ,19
488,صِرَاطٍ,19
489,الشَّيْطَانِ,19
490,يَنْظُرُونَ,19
491,قَرْيَةٍ,19
492,رَبَّهُ,19
493,الْغَيْبِ,19
494,تَكُنْ,19
495,أَنَّمَا,19
496,ذِي,19
497,تَرَى,19
498,سَلَامٌ,19
499,الْمُجْرِمِينَ,19
500,نَشَاءُ,19
501,نَجْزِي,19
502,الْعَرْشِ,19
503,فِرْعَوْنُ,19
504,يُشْرِكُونَ,19
505,لِلْمُتَّقِينَ,18
506,قَبْلِكُمْ,18
507,أَرَادَ,18
508,الْجَنَّةَ,18
509,عَلَيْكُمُ,18
510,أَشَدُّ,18
511,كِتَابٌ,18
512,كَفَرَ,18
513,ضَلَّ,18
514,قُلُوبُهُمْ,18
515,وَأَنَا,18
516,إِلَهٌ,18
517,أَيَّامٍ,18
518,يَتَّقُونَ,18
519,وَاعْلَمُوا,18
520,جَهَنَّمُ,18
521,وَاحِدَةً,18
522,يُؤْمِنُ,18
523,ذَا,18
524,حَسَنًا,18
525,يَكُونُ,18
526,الْعَزِيزِ,18
527,عَظِيمٍ,18
528,فَقَالُوا,18
529,اعْبُدُوا,17
530,فَاتَّقُوا,17
531,وَلَكُمْ,17
532,أَنْفُسَكُمْ,17
533,يَدَيْهِ,17
534,مِثْلَ,17
535,أَمْرًا,17
536,الْجَحِيمِ,17
537,رَبُّنَا,17
538,الرَّسُولَ,17
539,يَكُونَ,17
540,أَعْمَالَهُمْ,17
541,حَرَّمَ,17
542,حَقًّا,17
543,بَعْدِهِمْ,17
544,كَبِيرًا,17
545,رَبِّنَا,17
546,وَقُلْ,17
547,يَفْتَرُونَ,17
548,لَهُوَ,17
549,النَّبِيُّ,17
550,نَفْسِهِ,17
551,رَبَّهُمْ,17
552,أَنَّا,17
553,وَعْدَ,17
554,الْكَافِرُونَ,17
555,الصَّادِقِينَ,17
556,الْقُرَى,17
557,تَذَكَّرُونَ,17
558,يَرْجِعُونَ,16
559,خَلَقَكُمْ,16
560,أَوَّلَ,16
561,يَوْمًا,16
562,يُحْيِي,16
563,الْمَوْتَى,16
564,عِيسَى,16
565,سَمِعْنَا,16
566,أَحَدٍ,16
567,فِيهِمْ,16
568,إِلَهًا,16
569,كَسَبَتْ,16
570,أَحْسَنُ,16
571,الْحَرَامِ,16
572,أَوِ,16
573,جُنَاحَ,16
574,أُولِي,16
575,الْأَلْبَابِ,16
576,الْعِقَابِ,16
577,أَكْبَرُ,16
578,الْعَظِيمُ,16
579,أَجَلٍ,16
580,فَقُلْ,16
581,فَكَيْفَ,16
582,تُتْلَى,16
583,حَكِيمًا,16
584,الْفَوْزُ,16
585,يَوْمُ,16
586,أَهْلَكْنَا,16
587,تَدْعُونَ,16
588,الْمَلَأُ,16
589,وَكُنَّا,16
590,رَيْبَ,15
591,رِزْقًا,15
592,وَنَحْنُ,15
593,حِينٍ,15
594,نَفْسٌ,15
595,كُلُوا,15
596,إِنَّهَا,15
597,فَإِنَّهُ,15
598,وَهُدًى,15
599,لِلْمُؤْمِنِينَ,15
600,تَقُولُوا,15
601,أَظْلَمُ,15
602,اتَّخَذَ,15
603,إِبْرَاهِيمُ,15
604,وَبِئْسَ,15
605,شَدِيدُ,15
606,فَمَنِ,15
607,قَبْلِهِ,15
608,كَسَبُوا,15
609,الْحَيَاةُ,15
610,اتَّقَوْا,15
611,مَثَلُ,15
612,وَالْآخِرَةِ,15
613,أَنَّى,15
614,أَنْفُسِكُمْ,15
615,يَسْتَطِيعُونَ,15
616,يُظْلَمُونَ,15
617,بَشَرٌ,15
618,أَنِّي,15
619,إِلَهٍ,15
620,لِمَ,15
621,وَهَذَا,15
622,كِتَابٍ,15
623,الصُّدُورِ,15
624,وَقِيلَ,15
625,مَلَكَتْ,15
626,بَصِيرًا,15
627,الرَّسُولِ,15
628,الْمُنَافِقِينَ,15
629,عَلَيَّ,15
630,كُنْتُ,15
631,أُخْرَى,15
632,جَزَاءً,15
633,الْمُبِينُ,15
634,كَذِبًا,15
635,أَكْثَرَهُمْ,15
636,الْجِنِّ,15
637,أَحْسَنَ,15
638,كَافِرُونَ,15
639,رَبَّكُمْ,15
640,وَالَّذِي,15
641,أَفَمَنْ,15
642,قَبْلَهُمْ,15
643,السَّمَاءُ,15
644,الْمَوْتِ,14
645,بِهَذَا,14
646,قُلْنَا,14
647,خَوْفٌ,14
648,نَفْسًا,14
649,يَكْسِبُونَ,14
650,مُعْرِضُونَ,14
651,جَزَاءُ,14
652,قَدَّمَتْ,14
653,بَيِّنَاتٍ,14
654,خَيْرٍ,14
655,يَأْتِيَ,14
656,سُبْحَانَهُ,14
657,حَقَّ,14
658,عَذَابِ,14
659,أُمَّةً,14
660,مُسْلِمُونَ,14
661,أُوتِيَ,14
662,أَيْنَ,14
663,الْبَحْرِ,14
664,بِأَنَّ,14
665,أَنَّكُمْ,14
666,تَكُونَ,14
667,الْحِسَابِ,14
668,أَزْوَاجًا,14
669,النِّسَاءِ,14
670,بَعْضَ,14
671,اتَّقُوا,14
672,بِالْقِسْطِ,14
673,أَلِيمٍ,14
674,وَإِنِّي,14
675,افْتَرَى,14
676,وَأَطِيعُوا,14
677,بَلِ,14
678,أَلِيمًا,14
679,شَكٍّ,14
680,أَوْحَيْنَا,14
681,وَرَسُولُهُ,14
682,وَأَنْتَ,14
683,يَسْتَهْزِئُونَ,14
684,أَرَأَيْتُمْ,14
685,يُوحَى,14
686,أَنْزَلْنَاهُ,14
687,يُوسُفَ,14
688,الْأُولَى,14
689,كَذَّبَتْ,14
690,وَيْلٌ,14
691,كَمَثَلِ,13
692,آدَمَ,13
693,يَحْزَنُونَ,13
694,لِقَوْمِهِ,13
695,يَظْلِمُونَ,13
696,ادْخُلُوا,13
697,وَاذْكُرُوا,13
698,فَلَوْلَا,13
699,الْخَاسِرِينَ,13
700,يَفْعَلُونَ,13
701,وَلَدًا,13
702,الدِّينَ,13
703,خَلَتْ,13
704,الرَّسُولُ,13
705,وَالنَّهَارِ,13
706,كُتِبَ,13
707,لَهُنَّ,13
708,إِنِ,13
709,تَتَّخِذُوا,13
710,آيَاتُ,13
711,فَانْظُرْ,13
712,أُولُو,13
713,النَّهَارِ,13
714,وَاذْكُرْ,13
715,فَوْقَ,13
716,بَيْنَنَا,13
717,أَحَدٌ,13
718,الْكَذِبَ,13
719,حَقٌّ,13
720,الْأَمْرِ,13
721,وَذَلِكَ,13
722,السَّيِّئَاتِ,13
723,مُبِينًا,13
724,وَلِيًّا,13
725,أَمْرُ,13
726,يُرِيدُونَ,13
727,يَفْقَهُونَ,13
728,وَكِيلًا,13
729,الْحُسْنَى,13
730,وَرَحْمَةً,13
731,وَجَدْنَا,13
732,السَّمَاءَ,13
733,آلِهَةً,13
734,أَلَيْسَ,13
735,السَّاعَةُ,13
736,بَغْتَةً,13
737,وَإِمَّا,13
738,وَالْقَمَرَ,13
739,رَحْمَتِهِ,13
740,الْمَدِينَةِ,13
741,صَبَرُوا,13
742,الْمُجْرِمُونَ,13
743,وَأَنَّهُ,13
744,يَكُونُوا,13
745,عَذَابٍ,13
746,لُوطٍ,13
747,سُبْحَانَ,13
748,الْقُرْآنِ,13
749,أَدْرَاكَ,13
750,بِالْغَيْبِ,12
751,الْمُفْلِحُونَ,12
752,مَرَضٌ,12
753,كُلَّمَا,12
754,بَعْضُكُمْ,12
755,وَأَنْزَلْنَا,12
756,يَكْفُرُونَ,12
757,أَخَذْنَا,12
758,يُؤْمِنُوا,12
759,فَرِيقٌ,12
760,الْقُرْبَى,12
761,مَعَهُمْ,12
762,أَشْرَكُوا,12
763,آيَةٍ,12
764,بِأَمْرِهِ,12
765,أَرْسَلْنَاكَ,12
766,أَهْوَاءَهُمْ,12
767,الْعِلْمِ,12
768,أَمِ,12
769,الْمَسْجِدِ,12
770,وَاحِدٌ,12
771,دَابَّةٍ,12
772,نَزَّلَ,12
773,بَعِيدٍ,12
774,تَرَكَ,12
775,يُبَيِّنُ,12
776,الْأَمْرُ,12
777,كَمْ,12
778,الظُّلُمَاتِ,12
779,شَدِيدٌ,12
780,بِعَذَابٍ,12
781,النَّهَارَ,12
782,ابْنُ,12
783,وَلَدٌ,12
784,بِآيَةٍ,12
785,طَائِفَةٌ,12
786,لِلْعَالَمِينَ,12
787,بِذَاتِ,12
788,كِتَابًا,12
789,رَبُّهُمْ,12
790,خَبِيرًا,12
791,فَلَمْ,12
792,نَصِيرًا,12
793,يَسْتَوِي,12
794,تَابَ,12
795,وَتَرَى,12
796,الْبَرِّ,12
797,حِينَ,12
798,فَيَقُولُ,12
799,سِحْرٌ,12
800,رَأَى,12
801,تُوعَدُونَ,12
802,كَرِيمٌ,12
803,آيَاتُنَا,12
804,قُوَّةً,12
805,وَالنَّهَارَ,12
806,الْقَوْلُ,12
807,أَفَلَمْ,12
808,السَّاعَةَ,12
809,الْيَمِينِ,12
810,لِلْمُكَذِّبِينَ,12
811,وَمِمَّا,11
812,يُوقِنُونَ,11
813,يُبْصِرُونَ,11
814,وَأَنْزَلَ,11
815,الثَّمَرَاتِ,11
816,النَّارَ,11
817,وَبَشِّرِ,11
818,الْفَاسِقِينَ,11
819,الْخَاسِرُونَ,11
820,تَكْفُرُونَ,11
821,مُصَدِّقًا,11
822,وَأَقِيمُوا,11
823,وَآتُوا,11
824,يُنْصَرُونَ,11
825,آلَ,11
826,سُجَّدًا,11
827,بِالَّذِي,11
828,وَعَمِلَ,11
829,فَضْلُ,11
830,هُزُوًا,11
831,بِبَعْضٍ,11
832,الْحَيَاةَ,11
833,ابْنَ,11
834,وَرُسُلِهِ,11
835,كَأَنَّهُمْ,11
836,فِتْنَةٌ,11
837,وَلِيٍّ,11
838,جَاءَكَ,11
839,الْمَوْتُ,11
840,فِيكُمْ,11
841,وَرَحْمَةٌ,11
842,مَوْتِهَا,11
843,شَيْءٌ,11
844,بِي,11
845,تُفْلِحُونَ,11
846,يَرْجُونَ,11
847,عَلَيْهِنَّ,11
848,وَتِلْكَ,11
849,فَمِنْهُمْ,11
850,لِلظَّالِمِينَ,11
851,شَهِيدٌ,11
852,عَنَّا,11
853,جَاءَهُمُ,11
854,الْبَلَاغُ,11
855,يَخْلُقُ,11
856,تَأْكُلُونَ,11
857,وَأَطِيعُونِ,11
858,مَرْجِعُكُمْ,11
859,شَدِيدًا,11
860,عِلْمٌ,11
861,فَذُوقُوا,11
862,سُلْطَانًا,11
863,الْآخِرَةَ,11
864,أَجْرٌ,11
865,تَجِدَ,11
866,يَقُولُوا,11
867,مَعَكَ,11
868,الْأَنْعَامِ,11
869,دَاوُودَ,11
870,جَاءَتْهُمْ,11
871,سَبِيلِهِ,11
872,وَيَقُولُ,11
873,جَنَّاتِ,11
874,سَاءَ,11
875,تَكُونُ,11
876,بَيْنِي,11
877,وَإِنَّهُمْ,11
878,الشَّمْسَ,11
879,أَسْأَلُكُمْ,11
880,فَأَنَّى,11
881,الْمُسْلِمِينَ,11
882,وَيَا,11
883,الْفُلْكِ,11
884,اسْتَكْبَرُوا,11
885,رُسُلُهُمْ,11
886,مَعِيَ,11
887,قَوْمُ,11
888,عَدْنٍ,11
889,أَمَّنْ,11
890,الْغَفُورُ,11
891,فَاصْبِرْ,11
892,وَسَخَّرَ,11
893,أَإِذَا,11
894,الرِّزْقَ,11
895,الْجِبَالُ,11
896,غَيْرِ,10
897,رَزَقْنَاهُمْ,10
898,آمِنُوا,10
899,سَبْعَ,10
900,مِنِّي,10
901,وَكَذَّبُوا,10
902,ثَمَنًا,10
903,هَادُوا,10
904,فَرِيقًا,10
905,الْمَوْتَ,10
906,عَدُوًّا,10
907,آيَاتٍ,10
908,وَاتَّبَعُوا,10
909,مِنْهُمَا,10
910,تَبَيَّنَ,10
911,فَلَهُ,10
912,يَحْكُمُ,10
913,يَخْتَلِفُونَ,10
914,قَضَى,10
915,أَصْحَابِ,10
916,رَبُّهُ,10
917,شُهَدَاءَ,10
918,أُمَّةٌ,10
919,حَنِيفًا,10
920,وَيَعْقُوبَ,10
921,يَأْتِ,10
922,الصَّابِرِينَ,10
923,تَابُوا,10
924,آبَاءَنَا,10
925,يَهْتَدُونَ,10
926,أَخِيهِ,10
927,ذِكْرًا,10
928,ابْتِغَاءَ,10
929,وَالْمَلَائِكَةُ,10
930,مُؤْمِنٌ,10
931,فَضْلٍ,10
932,الْمُلْكُ,10
933,بَعْضَهُمْ,10
934,وَهِيَ,10
935,وَيَعْلَمُ,10
936,بِكَ,10
937,الْكَاذِبِينَ,10
938,فَإِنَّهُمْ,10
939,مَغْفِرَةٌ,10
940,ذَلِكُمُ,10
941,فَالَّذِينَ,10
942,أَصْحَابَ,10
943,انْظُرْ,10
944,رَسُولٍ,10
945,الشَّيْطَانَ,10
946,وَعَدَ,10
947,الصَّلَاةِ,10
948,يَجِدُونَ,10
949,رَسُولُ,10
950,فَإِنَّا,10
951,الْمُفْسِدِينَ,10
952,النَّعِيمِ,10
953,ذِكْرِ,10
954,مِمَّنِ,10
955,الصُّورِ,10
956,وَالشَّهَادَةِ,10
957,مَرَّةٍ,10
958,اثْنَيْنِ,10
959,حَرَجٌ,10
960,لَهُمَا,10
961,وَجَاءَ,10
962,مُجْرِمِينَ,10
963,يَتَفَكَّرُونَ,10
964,السَّاعَةِ,10
965,ذَاتِ,10
966,فِتْنَةً,10
967,لَيَقُولُنَّ,10
968,مَكَانٍ,10
969,السَّمْعَ,10
970,يُغْنِي,10
971,أَجْرٍ,10
972,لِنَفْسِهِ,10
973,عِبَادِنَا,10
974,يَمْلِكُونَ,10
975,آخَرَ,10
976,بِحَمْدِ,10
977,الْعِلْمَ,10
978,يُوعَدُونَ,10
979,سَوَاءٌ,9
980,فَأْتُوا,9
981,تَفْعَلُوا,9
982,يُضِلُّ,9
983,وَيَهْدِي,9
984,اسْتَوَى,9
985,لِلْمَلَائِكَةِ,9
986,سُبْحَانَكَ,9
987,اذْكُرُوا,9
988,بِالْبَاطِلِ,9
989,آلِ,9
990,قُلْتُمْ,9
991,عَلِمَ,9
992,أَدْنَى,9
993,النَّبِيِّينَ,9
994,كُونُوا,9
995,أَكُونَ,9
996,بِغَافِلٍ,9
997,فَوَيْلٌ,9
998,دِيَارِهِمْ,9
999,الْفَاسِقُونَ,9
1000,نَصِيرٍ,9
1001,فَيَكُونُ,9
1002,آيَةٌ,9
1003,وَالْحِكْمَةَ,9
1004,وَإِسْحَاقَ,9
1005,تَكُونَنَّ,9
1006,وَلَعَلَّكُمْ,9
1007,عَادٍ,9
1008,اخْتَلَفُوا,9
1009,يَسْأَلُونَكَ,9
1010,فِيهِنَّ,9
1011,جُنَاحٌ,9
1012,فَضْلًا,9
1013,أَشَدَّ,9
1014,سَرِيعُ,9
1015,تَوَلَّى,9
1016,بَيِّنَةٍ,9
1017,زُيِّنَ,9
1018,بِإِذْنِهِ,9
1019,مَتَى,9
1020,أَهْلِهِ,9
1021,أَعْمَالُهُمْ,9
1022,النِّسَاءَ,9
1023,حَلِيمٌ,9
1024,أَحَقُّ,9
1025,بَعْدُ,9
1026,أَقْرَبُ,9
1027,يَشْكُرُونَ,9
1028,هَارُونَ,9
1029,يَوْمٌ,9
1030,وَيُمِيتُ,9
1031,أَمْوَالَهُمْ,9
1032,بَعْضًا,9
1033,لِأُولِي,9
1034,تَشَاءُ,9
1035,هُنَالِكَ,9
1036,الْحَكِيمِ,9
1037,تُؤْمِنُوا,9
1038,الْمَلَائِكَةَ,9
1039,أَخَذَ,9
1040,قُلُوبِكُمْ,9
1041,كَالَّذِينَ,9
1042,فَلْيَتَوَكَّلِ,9
1043,قُلُوبِ,9
1044,أَنْفُسُهُمْ,9
1045,كَمَنْ,9
1046,نَفْعًا,9
1047,كَأَنْ,9
1048,يُضْلِلِ,9
1049,وَكُلًّا,9
1050,الْقَوْلِ,9
1051,رَسُولِهِ,9
1052,ضَلُّوا,9
1053,نُورًا,9
1054,اسْمَ,9
1055,وَرَبُّكَ,9
1056,نَفْسِي,9
1057,وَبَيْنَ,9
1058,وَآتَيْنَاهُ,9
1059,فَأَصْبَحُوا,9
1060,مَكَانًا,9
1061,دَخَلُوا,9
1062,ضَرًّا,9
1063,فَإِنَّكَ,9
1064,بِرَبِّهِمْ,9
1065,بَلَغَ,9
1066,بَرِيءٌ,9
1067,يُفْلِحُ,9
1068,أَسَاطِيرُ,9
1069,لَكَاذِبُونَ,9
1070,عَذَابُ,9
1071,لِأَبِيهِ,9
1072,عِلْمًا,9
1073,أُوحِيَ,9
1074,إِذِ,9
1075,تُجْزَوْنَ,9
1076,آيَاتِي,9
1077,وَكَمْ,9
1078,ظَالِمِينَ,9
1079,بَيْنِ,9
1080,إِمَّا,9
1081,أَغْنَى,9
1082,يَخْرُجُ,9
1083,غَيْرُهُ,9
1084,ذِكْرٌ,9
1085,أَمِينٌ,9
1086,سُلْطَانٍ,9
1087,بُيُوتًا,9
1088,أَمْرِ,9
1089,مَدْيَنَ,9
1090,عَذَابِي,9
1091,سُوءُ,9
1092,قَرِيبًا,9
1093,وَثَمُودَ,9
1094,وَالْمُؤْمِنَاتِ,9
1095,أَجْرِيَ,9
1096,بَشَرًا,9
1097,تَخَفْ,9
1098,قُرْآنًا,9
1099,سِنِينَ,9
1100,رَوَاسِيَ,9
1101,تُرَابًا,9
1102,أَإِنَّا,9
1103,جَنَّاتُ,9
1104,يَبْسُطُ,9
1105,وَيَقْدِرُ,9
1106,نُطْفَةٍ,9
1107,الْأَعْلَى,9
1108,لِلرَّحْمَنِ,9
1109,تُبْصِرُونَ,9
1110,تُكَذِّبُونَ,9
1111,الْكِتَابُ,8
1112,وَكُنْتُمْ,8
1113,الْمَلَائِكَةِ,8
1114,إِبْلِيسَ,8
1115,لِبَعْضٍ,8
1116,وَقُولُوا,8
1117,تَوَلَّيْتُمْ,8
1118,يَفْعَلُ,8
1119,عَنْهُمُ,8
1120,مُهِينٌ,8
1121,وَقَالَتِ,8
1122,كُنْ,8
1123,وَنَذِيرًا,8
1124,عَنْكَ,8
1125,آتَيْنَاهُمُ,8
1126,يَكْفُرْ,8
1127,وَإِسْمَاعِيلَ,8
1128,الْبَيْتِ,8
1129,مِلَّةَ,8
1130,آمَنْتُمْ,8
1131,يَنْفَعُ,8
1132,يَرَوْنَ,8
1133,تَتَّبِعُوا,8
1134,إِيَّاهُ,8
1135,الْقُرْآنُ,8
1136,عِبَادِي,8
1137,قَرِيبٌ,8
1138,كَتَبَ,8
1139,تَأْكُلُوا,8
1140,فَإِنِ,8
1141,حَسَنَةً,8
1142,نَصِيبٌ,8
1143,تُحْشَرُونَ,8
1144,آتَيْنَاهُمْ,8
1145,كَبِيرٌ,8
1146,فِيهِمَا,8
1147,يَدْعُو,8
1148,وَتَتَّقُوا,8
1149,مِثْلُ,8
1150,عَلَيْهِمَا,8
1151,نِعْمَتَ,8
1152,لَذُو,8
1153,صَبْرًا,8
1154,دَرَجَاتٍ,8
1155,النُّورِ,8
1156,يَأْتِي,8
1157,تُنْفِقُوا,8
1158,وَأَقَامُوا,8
1159,آيَاتٌ,8
1160,نَصِيبًا,8
1161,سُوءٍ,8
1162,أُنْثَى,8
1163,الْمَسِيحُ,8
1164,مِنْهُمُ,8
1165,وَبَيْنَكُمْ,8
1166,أَوْلَى,8
1167,كَافِرِينَ,8
1168,الْمُنْكَرِ,8
1169,أَهْلُ,8
1170,حَسَنَةٌ,8
1171,يَغْفِرُ,8
1172,تُرْحَمُونَ,8
1173,وَالْأَرْضُ,8
1174,اتَّبَعَ,8
1175,أَجْرَ,8
1176,ذُوقُوا,8
1177,قَلِيلٌ,8
1178,رِجَالًا,8
1179,أَيْمَانُكُمْ,8
1180,رَجُلٌ,8
1181,اللَّاتِي,8
1182,يَتَّبِعُونَ,8
1183,أَهْلِهَا,8
1184,دُونَ,8
1185,لَيْتَنِي,8
1186,آخَرِينَ,8
1187,أَيْدِيَهُمْ,8
1188,بِأَمْوَالِهِمْ,8
1189,وَأَنْفُسِهِمْ,8
1190,يَشَأْ,8
1191,فَأَخَذَتْهُمُ,8
1192,وَأَوْحَيْنَا,8
1193,وَهَارُونَ,8
1194,رُسُلًا,8
1195,يَمْلِكُ,8
1196,يَخَافُونَ,8
1197,حُكْمًا,8
1198,طِينٍ,8
1199,لَقُضِيَ,8
1200,خَسِرُوا,8
1201,وَضَلَّ,8
1202,عَمِلَ,8
1203,وَالْبَحْرِ,8
1204,يَشَاءَ,8
1205,وَوَهَبْنَا,8
1206,خَلَقْنَاكُمْ,8
1207,وَجَعَلُوا,8
1208,جَاءَتْ,8
1209,وَالْإِنْسِ,8
1210,الْغَنِيُّ,8
1211,الدَّارِ,8
1212,أَمَّا,8
1213,لَغَفُورٌ,8
1214,يُبْعَثُونَ,8
1215,وَمِنْهَا,8
1216,فَالْيَوْمَ,8
1217,ادْعُوا,8
1218,فَكَذَّبُوهُ,8
1219,أَخَاهُمْ,8
1220,يَعْبُدُ,8
1221,وَأَهْلَهُ,8
1222,يَهْدِ,8
1223,بِرَبِّ,8
1224,مُسْلِمِينَ,8
1225,الطَّيِّبَاتِ,8
1226,النَّبِيِّ,8
1227,فَكَانَ,8
1228,كَرِهَ,8
1229,يَكُ,8
1230,الْأَعْرَابِ,8
1231,عَمَلًا,8
1232,الْخَلْقَ,8
1233,أَمْرُنَا,8
1234,تُسْمِعُ,8
1235,قَوْمَ,8
1236,أَعْبُدُ,8
1237,الْفُلْكَ,8
1238,يَعْبُدُونَ,8
1239,عَرَبِيًّا,8
1240,أَبَتِ,8
1241,الْمُخْلَصِينَ,8
1242,تَاللَّهِ,8
1243,الْأَمْثَالَ,8
1244,بِسُلْطَانٍ,8
1245,وَعُيُونٍ,8
1246,بِمَنْ,8
1247,لَبِثْتُمْ,8
1248,أَمْرِي,8
1249,نَبِيًّا,8
1250,السَّعِيرِ,8
1251,وَأَصْحَابُ,8
1252,بُيُوتِ,8
1253,كَرِيمٍ,8
1254,الْآخِرِينَ,8
1255,تَقُومُ,8
1256,أُقْسِمُ,8
1257,وَأَنَّا,8
1258,خَلَوْا,7
1259,يَعْمَهُونَ,7
1260,بِالْهُدَى,7
1261,آذَانِهِمْ,7
1262,مِثْلِهِ,7
1263,أَمَرَ,7
1264,آدَمُ,7
1265,فَإِمَّا,7
1266,سُوءَ,7
1267,الْبَحْرَ,7
1268,ظَالِمُونَ,7
1269,نُؤْمِنَ,7
1270,رَزَقْنَاكُمْ,7
1271,فَكُلُوا,7
1272,وَرَحْمَتُهُ,7
1273,وَالْيَتَامَى,7
1274,وَآتَيْنَا,7
1275,وَرَاءَ,7
1276,سُلَيْمَانَ,7
1277,الْفَضْلِ,7
1278,وَاسِعٌ,7
1279,يَتْلُو,7
1280,نَفْسَهُ,7
1281,وَعِيسَى,7
1282,فَقَدِ,7
1283,أَأَنْتُمْ,7
1284,الْخَيْرَاتِ,7
1285,مَاءٍ,7
1286,أَوَلَوْ,7
1287,يَأْكُلُونَ,7
1288,إِثْمًا,7
1289,هُنَّ,7
1290,الدِّينُ,7
1291,أَذًى,7
1292,يَجِدْ,7
1293,فَاذْكُرُوا,7
1294,الْبَيِّنَاتُ,7
1295,الْأُمُورُ,7
1296,نِعْمَةَ,7
1297,حِسَابٍ,7
1298,جَاءَتْهُمُ,7
1299,يَتَذَكَّرُونَ,7
1300,خِفْتُمْ,7
1301,يَفْعَلْ,7
1302,مَتَاعًا,7
1303,مَتَاعٌ,7
1304,فَلَيْسَ,7
1305,الرُّسُلُ,7
1306,خَلْفَهُمْ,7
1307,مِنْهُنَّ,7
1308,أَنْفَقُوا,7
1309,غَنِيٌّ,7
1310,الرِّبَا,7
1311,جَاءَهُ,7
1312,تَجِدُوا,7
1313,وَالْمُؤْمِنُونَ,7
1314,لَدُنْكَ,7
1315,فَأَخَذَهُمُ,7
1316,بِذُنُوبِهِمْ,7
1317,نَاصِرِينَ,7
1318,كِتَابِ,7
1319,وَيَغْفِرْ,7
1320,لَدَيْهِمْ,7
1321,التَّوْرَاةِ,7
1322,تَعَالَوْا,7
1323,عِوَجًا,7
1324,ظُلْمًا,7
1325,السَّمَاوَاتُ,7
1326,مَسَّ,7
1327,الشَّاكِرِينَ,7
1328,نَبِيٍّ,7
1329,اغْفِرْ,7
1330,الْأَمْرَ,7
1331,عِنْدَنَا,7
1332,إِيمَانًا,7
1333,قَوْلَ,7
1334,رُسُلٌ,7
1335,فَبِئْسَ,7
1336,سَيِّئَاتِهِمْ,7
1337,سَعِيرًا,7
1338,تَقْتُلُوا,7
1339,يَسِيرًا,7
1340,وَأَعْتَدْنَا,7
1341,تَكُ,7
1342,سَوْفَ,7
1343,عَزِيزًا,7
1344,الْقَرْيَةِ,7
1345,وَتَوَكَّلْ,7
1346,مُؤْمِنًا,7
1347,وَأَعَدَّ,7
1348,أَعَدَّ,7
1349,يَعْمَلْ,7
1350,كَثِيرٍ,7
1351,يُتْلَى,7
1352,ذُكِّرُوا,7
1353,أُرِيدُ,7
1354,رُسُلُنَا,7
1355,فَيُنَبِّئُكُمْ,7
1356,أَوْلِيَاءُ,7
1357,أَمْرٍ,7
1358,أَيْمَانِهِمْ,7
1359,فَاسِقُونَ,7
1360,يَسْتَكْبِرُونَ,7
1361,أَمْرِهِ,7
1362,تَأْتِيهِمْ,7
1363,يَأْتِيهِمْ,7
1364,جَعَلْنَاهُ,7
1365,رَجُلًا,7
1366,تُشْرِكُونَ,7
1367,نَقُولُ,7
1368,بِلِقَاءِ,7
1369,يَجْحَدُونَ,7
1370,نَسُوا,7
1371,أَقُولُ,7
1372,الْأَعْمَى,7
1373,حَمِيمٍ,7
1374,عَالِمُ,7
1375,شُرَكَاءَ,7
1376,وَتَعَالَى,7
1377,يَصِفُونَ,7
1378,الظَّنَّ,7
1379,لِقَاءَ,7
1380,بِمُعْجِزِينَ,7
1381,اعْمَلُوا,7
1382,الْمُسْرِفِينَ,7
1383,آبَاؤُنَا,7
1384,بِالَّتِي,7
1385,وَذِكْرَى,7
1386,لَكُمَا,7
1387,أَخْرَجَ,7
1388,مُخْلِصِينَ,7
1389,بِرَحْمَةٍ,7
1390,سِتَّةِ,7
1391,الرِّيَاحَ,7
1392,الْمَاءَ,7
1393,نُوحًا,7
1394,الْغَابِرِينَ,7
1395,شُعَيْبًا,7
1396,السَّحَرَةُ,7
1397,فَأَرْسَلْنَا,7
1398,الْيَمِّ,7
1399,سَبِيلَ,7
1400,فَعَلَ,7
1401,وَظَنُّوا,7
1402,الْمُنَافِقُونَ,7
1403,سُورَةٌ,7
1404,سَأَلْتَهُمْ,7
1405,وَعْدًا,7
1406,تَوَكَّلْتُ,7
1407,صِدْقٍ,7
1408,يُعِيدُهُ,7
1409,لِيَجْزِيَ,7
1410,سَبَقَتْ,7
1411,افْتَرَاهُ,7
1412,الْوَعْدُ,7
1413,عِنْدِنَا,7
1414,اهْتَدَى,7
1415,وَاصْبِرْ,7
1416,تَعْبُدُوا,7
1417,وَحَاقَ,7
1418,مَالًا,7
1419,مُرِيبٍ,7
1420,سَلَامًا,7
1421,شَدِيدٍ,7
1422,ثَمُودُ,7
1423,الْقُرُونِ,7
1424,الْمُبِينِ,7
1425,يُوسُفُ,7
1426,أَبَانَا,7
1427,وَتَرَكْنَا,7
1428,يَسِيرٌ,7
1429,وَتَوَلَّى,7
1430,آمِنِينَ,7
1431,يَسِيرُوا,7
1432,خَلْقٍ,7
1433,الْكَبِيرُ,7
1434,الْقَوْلَ,7
1435,يَتَذَكَّرُ,7
1436,وَعْدُ,7
1437,الْمُرْسَلُونَ,7
1438,الْجِبَالِ,7
1439,خَلْقًا,7
1440,مُتَّكِئِينَ,7
1441,صَفًّا,7
1442,نَادَى,7
1443,بُكْرَةً,7
1444,وَأَبْقَى,7
1445,يَتَسَاءَلُونَ,7
1446,الْفَصْلِ,7
1447,حم,7
1448,وَاللَّيْلِ,7
1449,الضَّالِّينَ,6
1450,الم,6
1451,بِمُؤْمِنِينَ,6
1452,ذَهَبَ,6
1453,مُحِيطٌ,6
1454,يَكَادُ,6
1455,أَنْدَادًا,6
1456,نَزَّلْنَا,6
1457,اسْجُدُوا,6
1458,وَقُلْنَا,6
1459,التَّوَّابُ,6
1460,بِكُمُ,6
1461,الْعِجْلَ,6
1462,تَهْتَدُونَ,6
1463,نَرَى,6
1464,طَيِّبَاتِ,6
1465,فَقُلْنَا,6
1466,عَيْنًا,6
1467,وَاشْرَبُوا,6
1468,وَاحِدٍ,6
1469,فَلَهُمْ,6
1470,أَجْرُهُمْ,6
1471,بِقُوَّةٍ,6
1472,أَعُوذُ,6
1473,الْجَاهِلِينَ,6
1474,ادْعُ,6
1475,لَمَا,6
1476,يُعْلِنُونَ,6
1477,تَقُولُونَ,6
1478,إِحْسَانًا,6
1479,وَالْمَسَاكِينِ,6
1480,بَغْيًا,6
1481,بِخَيْرٍ,6
1482,الْكُفْرَ,6
1483,لِأَنْفُسِكُمْ,6
1484,هُودًا,6
1485,وَجْهَهُ,6
1486,الْيَهُودُ,6
1487,فَاللَّهُ,6
1488,السُّجُودِ,6
1489,اجْعَلْ,6
1490,آمِنًا,6
1491,هَدَى,6
1492,وَجْهَكَ,6
1493,وُجُوهَكُمْ,6
1494,بِشَيْءٍ,6
1495,مُصِيبَةٌ,6
1496,يُنْظَرُونَ,6
1497,طَيِّبًا,6
1498,اتَّبِعُوا,6
1499,وَالْكِتَابِ,6
1500,الْمُتَّقُونَ,6
1501,عَنِّي,6
1502,فَإِنِّي,6
1503,حُدُودُ,6
1504,التَّقْوَى,6
1505,لِمَنِ,6
1506,رَءُوفٌ,6
1507,فَاعْلَمُوا,6
1508,تُرْجَعُ,6
1509,فَوْقَهُمْ,6
1510,تَدْخُلُوا,6
1511,يَأْتِكُمْ,6
1512,شَرٌّ,6
1513,حَبِطَتْ,6
1514,وَجَاهَدُوا,6
1515,وَيَسْأَلُونَكَ,6
1516,بِمَعْرُوفٍ,6
1517,حُدُودَ,6
1518,سِرًّا,6
1519,مَعْرُوفًا,6
1520,قَرْضًا,6
1521,وَإِنَّكَ,6
1522,الطَّيْرِ,6
1523,بِاللَّيْلِ,6
1524,بِالْعَدْلِ,6
1525,وَأَطَعْنَا,6
1526,مَتَاعُ,6
1527,فَاغْفِرْ,6
1528,الْعِلْمُ,6
1529,وَمَنِ,6
1530,حَقٍّ,6
1531,تَجِدُ,6
1532,بَعِيدًا,6
1533,تُحِبُّونَ,6
1534,طَيِّبَةً,6
1535,وَسَبِّحْ,6
1536,أَنْبَاءِ,6
1537,أَيُّهُمْ,6
1538,صِرَاطٌ,6
1539,مُسْتَقِيمٌ,6
1540,الشَّاهِدِينَ,6
1541,تَخْتَلِفُونَ,6
1542,تُرَابٍ,6
1543,وَبِمَا,6
1544,يُرْجَعُونَ,6
1545,الْخَيْرِ,6
1546,وُجُوهٌ,6
1547,وُجُوهُهُمْ,6
1548,لَكَانَ,6
1549,سَيِّئَةٌ,6
1550,الْمُكَذِّبِينَ,6
1551,وَلِيَعْلَمَ,6
1552,قُتِلَ,6
1553,وَكَأَيِّنْ,6
1554,وَمِنْكُمْ,6
1555,عَفَا,6
1556,ظَنَّ,6
1557,فَبِمَا,6
1558,بِأَفْوَاهِهِمْ,6
1559,بِالَّذِينَ,6
1560,يُسَارِعُونَ,6
1561,أَيْدِيكُمْ,6
1562,جَاءُوا,6
1563,لَكِنِ,6
1564,نُزُلًا,6
1565,وَاحِدَةٍ,6
1566,الْأُنْثَيَيْنِ,6
1567,شُرَكَاءُ,6
1568,يُطِعِ,6
1569,قَرِيبٍ,6
1570,أَعْتَدْنَا,6
1571,زَوْجٍ,6
1572,أُجُورَهُنَّ,6
1573,بَعْضَكُمْ,6
1574,مِثْقَالَ,6
1575,ذَرَّةٍ,6
1576,سَبِيلٍ,6
1577,السَّبِيلَ,6
1578,مَفْعُولًا,6
1579,أَهْدَى,6
1580,ضَلَالًا,6
1581,لَدُنَّا,6
1582,مُسْتَقِيمًا,6
1583,يَخْشَوْنَ,6
1584,وَبَيْنَهُمْ,6
1585,إِلَيْكُمُ,6
1586,رَقَبَةٍ,6
1587,أَلْقَى,6
1588,سُوءًا,6
1589,يَدْخُلُونَ,6
1590,قَدِيرًا,6
1591,دِينَهُمْ,6
1592,رَسُولَ,6
1593,حَرَّمْنَا,6
1594,الرُّسُلِ,6
1595,عَبْدًا,6
1596,الْحَرَامَ,6
1597,يَبْتَغُونَ,6
1598,الْإِثْمِ,6
1599,جَاءَنَا,6
1600,نَذِيرٍ,6
1601,يَخْرُجُوا,6
1602,فَتَكُونَ,6
1603,وَأَصْلَحَ,6
1604,بِالْمُؤْمِنِينَ,6
1605,النَّفْسَ,6
1606,آثَارِهِمْ,6
1607,ابْنِ,6
1608,تَتَّبِعْ,6
1609,فَوْقِهِمْ,6
1610,وَكَثِيرٌ,6
1611,يُؤْفَكُونَ,6
1612,سَمِعُوا,6
1613,مُؤْمِنُونَ,6
1614,مِنْكَ,6
1615,مَلَكٌ,6
1616,الْخَبِيرُ,6
1617,نُزِّلَ,6
1618,أُمَمٍ,6
1619,بَأْسُنَا,6
1620,عِنْدِي,6
1621,الْغَيْبَ,6
1622,تَسْتَعْجِلُونَ,6
1623,الْحُكْمُ,6
1624,الذِّكْرَى,6
1625,ذِكْرَى,6
1626,إِسْحَاقَ,6
1627,وَلُوطًا,6
1628,زَعَمْتُمْ,6
1629,فَأَخْرَجْنَا,6
1630,فَذَرْهُمْ,6
1631,يَضِلُّ,6
1632,ذُكِرَ,6
1633,يَمْشِي,6
1634,يَمْكُرُونَ,6
1635,يَجْعَلْ,6
1636,يَذَّكَّرُونَ,6
1637,غَافِلُونَ,6
1638,يُرَدُّ,6
1639,فَلِلَّهِ,6
1640,الْكَيْلَ,6
1641,وَالْمِيزَانَ,6
1642,بَعْضُ,6
1643,إِنَّنِي,6
1644,جَعَلَكُمْ,6
1645,مَوَازِينُهُ,6
1646,أَجَلُهُمْ,6
1647,سَاعَةً,6
1648,الْجَنَّةُ,6
1649,وَنَادَى,6
1650,رِجَالٌ,6
1651,الْمَاءِ,6
1652,تَبَارَكَ,6
1653,يَدَيْ,6
1654,فَأَنْجَيْنَاهُ,6
1655,وَحْدَهُ,6
1656,ثَمُودَ,6
1657,الْجِبَالَ,6
1658,أَهْلَهَا,6
1659,وَمَلَئِهِ,6
1660,عَلِيمٍ,6
1661,الرَّاحِمِينَ,6
1662,هَوَاهُ,6
1663,أَضَلُّ,6
1664,أَيَّانَ,6
1665,ذَاتَ,6
1666,قُوَّةٍ,6
1667,مُدْبِرِينَ,6
1668,مَعَنَا,6
1669,فَاسِقِينَ,6
1670,كَفَرْتُمْ,6
1671,يَغْفِرَ,6
1672,السَّوْءِ,6
1673,الْأَوَّلُونَ,6
1674,يَبْدَأُ,6
1675,مَسَّهُ,6
1676,كَلِمَةٌ,6
1677,رُسُلَنَا,6
1678,لِلْحَقِّ,6
1679,يَسْتَمِعُونَ,6
1680,أَفَأَنْتَ,6
1681,قُضِيَ,6
1682,وَأُمِرْتُ,6
1683,نُوحٌ,6
1684,بُنَيَّ,6
1685,الصَّيْحَةُ,6
1686,كَيْدًا,6
1687,لِلْإِنْسَانِ,6
1688,فَاعِلِينَ,6
1689,الْمَلِكُ,6
1690,لَعَلِّي,6
1691,عَلِمْنَا,6
1692,أَكْثَرُ,6
1693,فَيَنْظُرُوا,6
1694,جَدِيدٍ,6
1695,مِثْلُكُمْ,6
1696,ضَرَبَ,6
1697,رَبِّهَا,6
1698,الذِّكْرَ,6
1699,فَسَبِّحْ,6
1700,أَتَى,6
1701,تَفْعَلُونَ,6
1702,أَجْرَهُمْ,6
1703,وَبَنِينَ,6
1704,بِعِبَادِهِ,6
1705,يُسَبِّحُ,6
1706,الْحَدِيثِ,6
1707,الشِّمَالِ,6
1708,أَرَأَيْتَ,6
1709,يُسْرًا,6
1710,رَأَوْا,6
1711,يَنْبَغِي,6
1712,يَخْشَى,6
1713,أَتَاكَ,6
1714,الْكُبْرَى,6
1715,طَغَى,6
1716,تَقُولَ,6
1717,يُؤْمِنْ,6
1718,وَيْلَنَا,6
1719,بِالْعَذَابِ,6
1720,الْحَمِيدُ,6
1721,يَسْعَى,6
1722,عِبَادَ,6
1723,مُدَّكِرٍ,6
1724,وَنُذُرِ,6
1725,طُغْيَانِهِمْ,5
1726,حَوْلَهُ,5
1727,رَبَّكُمُ,5
1728,تَجْعَلُوا,5
1729,يُحْيِيكُمْ,5
1730,سَمَاوَاتٍ,5
1731,أَقُلْ,5
1732,تَكْتُمُونَ,5
1733,لِآدَمَ,5
1734,فَسَجَدُوا,5
1735,فَتَابَ,5
1736,وَأَوْفُوا,5
1737,يَظُنُّونَ,5
1738,وَأَنَّهُمْ,5
1739,شِئْتُمْ,5
1740,الْبَابَ,5
1741,يَفْسُقُونَ,5
1742,تَعْثَوْا,5
1743,مُفْسِدِينَ,5
1744,وَالنَّصَارَى,5
1745,وَرَفَعْنَا,5
1746,خُذُوا,5
1747,الْآنَ,5
1748,جِئْتَ,5
1749,قُلُوبُكُمْ,5
1750,فَهِيَ,5
1751,يَكْتُبُونَ,5
1752,مِيثَاقَ,5
1753,حُسْنًا,5
1754,بِالْإِثْمِ,5
1755,وَالْعُدْوَانِ,5
1756,خِزْيٌ,5
1757,يُخَفَّفُ,5
1758,لَعَنَهُمُ,5
1759,وَلِلْكَافِرِينَ,5
1760,قُلُوبِهِمُ,5
1761,الْآخِرَةُ,5
1762,بِالظَّالِمِينَ,5
1763,يَوَدُّ,5
1764,سَنَةٍ,5
1765,وَبُشْرَى,5
1766,كِتَابَ,5
1767,ظُهُورِهِمْ,5
1768,الشَّيَاطِينَ,5
1769,تُرِيدُونَ,5
1770,بِالْإِيمَانِ,5
1771,نَصَارَى,5
1772,أَسْلَمَ,5
1773,يَتْلُونَ,5
1774,اسْمُهُ,5
1775,هُدَى,5
1776,وَلَقَدِ,5
1777,حَضَرَ,5
1778,يَعْقُوبَ,5
1779,وَاحِدًا,5
1780,تُسْأَلُونَ,5
1781,بِمِثْلِ,5
1782,وَرَبُّكُمْ,5
1783,لَرَءُوفٌ,5
1784,وَاشْكُرُوا,5
1785,يَكْتُمُونَ,5
1786,وَأَصْلَحُوا,5
1787,وَالنَّاسِ,5
1788,خَلْقِ,5
1789,يَرَى,5
1790,اتَّبَعُوا,5
1791,بِهِمُ,5
1792,خُطُوَاتِ,5
1793,يَسْمَعُ,5
1794,وَحِينَ,5
1795,صَدَقُوا,5
1796,خَافَ,5
1797,سَفَرٍ,5
1798,أُحِلَّ,5
1799,وَكُلُوا,5
1800,الْفَجْرِ,5
1801,وَلَيْسَ,5
1802,اتَّقَى,5
1803,يُقَاتِلُوكُمْ,5
1804,يَبْلُغَ,5
1805,الْمِهَادُ,5
1806,بِالْعِبَادِ,5
1807,كَافَّةً,5
1808,وَقُضِيَ,5
1809,وَابْنِ,5
1810,الْقِتَالُ,5
1811,دِينِكُمْ,5
1812,هَاجَرُوا,5
1813,الْيَتَامَى,5
1814,وُسْعَهَا,5
1815,فَرِيضَةً,5
1816,بِيَدِهِ,5
1817,خَرَجُوا,5
1818,الْعَلِيُّ,5
1819,كَالَّذِي,5
1820,حَبَّةٍ,5
1821,يُنْفِقُ,5
1822,الْخَبِيثَ,5
1823,حَمِيدٌ,5
1824,الصَّدَقَاتِ,5
1825,سَيِّئَاتِكُمْ,5
1826,بِسِيمَاهُمْ,5
1827,يَقُومُ,5
1828,سَلَفَ,5
1829,أَثِيمٍ,5
1830,إِحْدَاهُمَا,5
1831,الْأُخْرَى,5
1832,التَّوْرَاةَ,5
1833,وَالْإِنْجِيلَ,5
1834,الْأَرْحَامِ,5
1835,أَمْوَالُهُمْ,5
1836,لَعِبْرَةً,5
1837,جَنَّاتٌ,5
1838,إِنَّنَا,5
1839,اللَّهُمَّ,5
1840,الْمُلْكِ,5
1841,الْمَيِّتِ,5
1842,الْحَيِّ,5
1843,عَمِلَتْ,5
1844,أَطِيعُوا,5
1845,قَالَتِ,5
1846,زَكَرِيَّا,5
1847,مَرْيَمُ,5
1848,بُيُوتِكُمْ,5
1849,فَاعْبُدُوهُ,5
1850,يَتَّخِذَ,5
1851,وَقَالَتْ,5
1852,أُوتِيتُمْ,5
1853,يُؤْتِيهِ,5
1854,دِينِ,5
1855,جَزَاؤُهُمْ,5
1856,لِبَنِي,5
1857,تُطِيعُوا,5
1858,وَكَيْفَ,5
1859,رَحْمَةِ,5
1860,الْأَدْبَارَ,5
1861,سَوَاءً,5
1862,تَصْبِرُوا,5
1863,جَعَلَهُ,5
1864,فَانْظُرُوا,5
1865,جَاهَدُوا,5
1866,يُرِدْ,5
1867,أَمْرِنَا,5
1868,خَاسِرِينَ,5
1869,مَوْلَاكُمْ,5
1870,يَغْشَى,5
1871,قُتِلُوا,5
1872,رَحْمَةٍ,5
1873,وَاسْتَغْفِرْ,5
1874,نَعْلَمُ,5
1875,تَحْسَبَنَّ,5
1876,آتَاهُمُ,5
1877,خَلْفِهِمْ,5
1878,يَسْتَبْشِرُونَ,5
1879,أَحْسَنُوا,5
1880,يَحْزُنْكَ,5
1881,الْكُفْرِ,5
1882,فَآمِنُوا,5
1883,الْحَرِيقِ,5
1884,بِظَلَّامٍ,5
1885,لِلْعَبِيدِ,5
1886,الْأُمُورِ,5
1887,يَذْكُرُونَ,5
1888,بِرَبِّكُمْ,5
1889,ذَكَرٍ,5
1890,الْبِلَادِ,5
1891,وَخَلَقَ,5
1892,آبَاؤُكُمْ,5
1893,يَأْتِينَ,5
1894,السُّوءَ,5
1895,يَتُوبُ,5
1896,فَعَسَى,5
1897,الْمُؤْمِنَاتِ,5
1898,أَمْوَالِهِمْ,5
1899,حَدِيثًا,5
1900,تَقْرَبُوا,5
1901,تَعْلَمُوا,5
1902,يُشْرِكْ,5
1903,تُؤْمِنُونَ,5
1904,رَأَيْتَ,5
1905,يَصُدُّونَ,5
1906,جَاءُوكَ,5
1907,يَحْلِفُونَ,5
1908,فَأَعْرِضْ,5
1909,يَجِدُوا,5
1910,فَعَلُوهُ,5
1911,صِرَاطًا,5
1912,أَنْعَمَ,5
1913,لَيَقُولَنَّ,5
1914,وَاجْعَلْ,5
1915,يُقَاتِلُونَ,5
1916,تُصِبْهُمْ,5
1917,عِنْدِكَ,5
1918,وَقَعَ,5
1919,يُجَادِلُ,5
1920,تَعْلَمُ,5
1921,إِنَاثًا,5
1922,خَسِرَ,5
1923,غُرُورًا,5
1924,وَاتَّبَعَ,5
1925,كُلًّا,5
1926,لِيَغْفِرَ,5
1927,حَدِيثٍ,5
1928,وَسَوْفَ,5
1929,نُهُوا,5
1930,وَصَدُّوا,5
1931,وَأَجْرٌ,5
1932,قُلُوبَهُمْ,5
1933,يَصْنَعُونَ,5
1934,أَمْلِكُ,5
1935,وَاتْلُ,5
1936,يَدَكَ,5
1937,رَبَّ,5
1938,فَأَصْبَحَ,5
1939,مُقِيمٌ,5
1940,فَاحْكُمْ,5
1941,آتَاكُمْ,5
1942,فَتَرَى,5
1943,جَهْدَ,5
1944,وَيُؤْتُونَ,5
1945,الْغَالِبُونَ,5
1946,سَوَاءِ,5
1947,لَبِئْسَ,5
1948,الطَّعَامَ,5
1949,رَزَقَكُمُ,5
1950,يَأْتُوا,5
1951,الرُّسُلَ,5
1952,الرَّازِقِينَ,5
1953,رَضِيَ,5
1954,وَرَضُوا,5
1955,يَعْدِلُونَ,5
1956,مُعْرِضِينَ,5
1957,قَرْنٍ,5
1958,سِيرُوا,5
1959,أُمِرْتُ,5
1960,أَتَاهُمْ,5
1961,كَبُرَ,5
1962,أَبْوَابَ,5
1963,يَأْتِيكُمْ,5
1964,الْقَوْمُ,5
1965,خَزَائِنُ,5
1966,أَتَّبِعُ,5
1967,فَتَنَّا,5
1968,نُفَصِّلُ,5
1969,أَعْبُدَ,5
1970,لَنَكُونَنَّ,5
1971,بِوَكِيلٍ,5
1972,هَدَانَا,5
1973,مُهْتَدُونَ,5
1974,وَمُوسَى,5
1975,يَلْعَبُونَ,5
1976,صَلَاتِهِمْ,5
1977,يُخْرِجُ,5
1978,وَالشَّمْسَ,5
1979,أَنْشَأَكُمْ,5
1980,وَكِيلٌ,5
1981,الْأَبْصَارُ,5
1982,كَلِمَتُ,5
1983,اسْمُ,5
1984,مَيْتًا,5
1985,بِأَنْفُسِهِمْ,5
1986,يَحْشُرُهُمْ,5
1987,لِيُضِلَّ,5
1988,أَشُدَّهُ,5
1989,تَأْتِيَهُمُ,5
1990,بِالْحَسَنَةِ,5
1991,بِالسَّيِّئَةِ,5
1992,تَزِرُ,5
1993,وَازِرَةٌ,5
1994,وِزْرَ,5
1995,لِتُنْذِرَ,5
1996,السَّاجِدِينَ,5
1997,نَارٍ,5
1998,يَأْمُرُ,5
1999,يَسْتَأْخِرُونَ,5
2000,صُدُورِهِمْ,5
2001,أَبْصَارُهُمْ,5
2002,رِسَالَاتِ,5
2003,رَجُلٍ,5
2004,أَجِئْتَنَا,5
2005,اسْتُضْعِفُوا,5
2006,جَاثِمِينَ,5
2007,وَأَمْطَرْنَا,5
2008,الْحَاكِمِينَ,5
2009,نَقُصُّ,5
2010,بَعَثْنَا,5
2011,سَاجِدِينَ,5
2012,فَاسْتَكْبَرُوا,5
2013,بَارَكْنَا,5
2014,قَوْمِي,5
2015,قَوْمَهُ,5
2016,النَّبِيَّ,5
2017,كَأَنَّهُ,5
2018,آتَيْنَاهُ,5
2019,شِئْنَا,5
2020,وَمِمَّنْ,5
2021,يَمْشُونَ,5
2022,يَتَوَكَّلُونَ,5
2023,وَرِزْقٌ,5
2024,وَيُنَزِّلُ,5
2025,حِجَارَةً,5
2026,نِعْمَ,5
2027,أَرَى,5
2028,وَكُلٌّ,5
2029,اسْتَطَعْتُمْ,5
2030,أَرْسَلَ,5
2031,نَارِ,5
2032,تَحْزَنْ,5
2033,كَارِهُونَ,5
2034,يَعْلَمُوا,5
2035,الْكُفَّارَ,5
2036,رَسُولِ,5
2037,أُنْزِلَتْ,5
2038,عَالِمِ,5
2039,مَرَّتَيْنِ,5
2040,الْكُفَّارِ,5
2041,الر,5
2042,الضُّرُّ,5
2043,لَيْلًا,5
2044,يَرْزُقُكُمْ,5
2045,وَالْأَبْصَارَ,5
2046,حَقَّتْ,5
2047,الْخُلْدِ,5
2048,أَذِنَ,5
2049,وَجَعَلْنَاهُمْ,5
2050,الْمُنْذَرِينَ,5
2051,ائْتُونِي,5
2052,تُوبُوا,5
2053,يَسْتَجِيبُوا,5
2054,مِرْيَةٍ,5
2055,جَرَمَ,5
2056,آلِهَتِنَا,5
2057,حَفِيظٌ,5
2058,عَادٌ,5
2059,فِينَا,5
2060,وَرَاءِ,5
2061,أَصَابَ,5
2062,بِئْسَ,5
2063,وَعِلْمًا,5
2064,فَضْلِ,5
2065,لَدَيْنَا,5
2066,أَمْرَهُمْ,5
2067,هَادٍ,5
2068,يُجَادِلُونَ,5
2069,أَعْمَى,5
2070,فَنِعْمَ,5
2071,الْقُلُوبُ,5
2072,مَآبٍ,5
2073,وَلَعَذَابُ,5
2074,كَفَى,5
2075,عِلْمُ,5
2076,صِرَاطِ,5
2077,بِالْقَوْلِ,5
2078,بِقَدَرٍ,5
2079,مَعْلُومٍ,5
2080,لَنَحْنُ,5
2081,مُصْبِحِينَ,5
2082,فَكَانُوا,5
2083,يُنَزِّلُ,5
2084,سَخَّرَ,5
2085,إِلَهُكُمْ,5
2086,يَشَاءُونَ,5
2087,سَيِّئَاتُ,5
2088,يَمُوتُ,5
2089,الذِّكْرِ,5
2090,يَشْتَهُونَ,5
2091,أُمَّهَاتِكُمْ,5
2092,بِرَبِّكَ,5
2093,لَمَبْعُوثُونَ,5
2094,اذْهَبْ,5
2095,كِتَابَهُ,5
2096,الشَّمْسِ,5
2097,الْبَاطِلُ,5
2098,أَعْرَضَ,5
2099,وُجُوهِهِمْ,5
2100,رَشَدًا,5
2101,ذَهَبٍ,5
2102,الْأَرَائِكِ,5
2103,وَاتَّخَذُوا,5
2104,فَكَانَتْ,5
2105,ذِكْرِي,5
2106,يَحْيَى,5
2107,حَيًّا,5
2108,غَفْلَةٍ,5
2109,حَدِيثُ,5
2110,يَخَافُ,5
2111,يُسَبِّحُونَ,5
2112,مُشْفِقُونَ,5
2113,وَقَوْمِهِ,5
2114,الرِّيحَ,5
2115,يُدْخِلُ,5
2116,وَعِظَامًا,5
2117,مِتْنَا,5
2118,وَرَبُّ,5
2119,امْرِئٍ,5
2120,الْآخَرِينَ,5
2121,جَانٌّ,5
2122,أَإِلَهٌ,5
2123,يُكَذِّبُ,5
2124,مَثْوًى,5
2125,مُحْضَرُونَ,5
2126,تَنْزِيلُ,5
2127,تَبْدِيلًا,5
2128,صَيْحَةً,5
2129,وَاحِدَةٌ,5
2130,بِيَوْمِ,5
2131,ظَنَنْتُمْ,5
2132,وَالسَّمَاءِ,5
2133,شَرِّ,5
2134,أَنْعَمْتَ,4
2135,تُفْسِدُوا,4
2136,السُّفَهَاءُ,4
2137,اشْتَرَوُا,4
2138,قَامُوا,4
2139,وَالسَّمَاءَ,4
2140,وَادْعُوا,4
2141,أُعِدَّتْ,4
2142,يَنْقُضُونَ,4
2143,يُمِيتُكُمْ,4
2144,كُلَّهَا,4
2145,اهْبِطُوا,4
2146,بِآيَاتِي,4
2147,فَاتَّقُونِ,4
2148,بِالصَّبْرِ,4
2149,رَاجِعُونَ,4
2150,أَبْنَاءَكُمْ,4
2151,بَلَاءٌ,4
2152,وَأَغْرَقْنَا,4
2153,تَنْظُرُونَ,4
2154,أَرْبَعِينَ,4
2155,بِغَضَبٍ,4
2156,وَيَقْتُلُونَ,4
2157,مِيثَاقَكُمْ,4
2158,السَّبْتِ,4
2159,يَأْمُرُكُمْ,4
2160,كَادُوا,4
2161,الْمَاءُ,4
2162,يُسِرُّونَ,4
2163,عَهْدًا,4
2164,وَبِالْوَالِدَيْنِ,4
2165,دِيَارِكُمْ,4
2166,تَقْتُلُونَ,4
2167,بِبَعْضِ,4
2168,الْبَيِّنَاتِ,4
2169,الْقُدُسِ,4
2170,قُلُوبُنَا,4
2171,بِكُفْرِهِمْ,4
2172,مُصَدِّقٌ,4
2173,فَلِمَ,4
2174,وَاسْمَعُوا,4
2175,أَلْفَ,4
2176,عَاهَدُوا,4
2177,تَتْلُو,4
2178,الشَّيَاطِينُ,4
2179,السِّحْرَ,4
2180,يَنْفَعُهُمْ,4
2181,وَلَبِئْسَ,4
2182,وَاتَّقَوْا,4
2183,تَعْلَمْ,4
2184,سَوَاءَ,4
2185,إِيمَانِكُمْ,4
2186,تُقَدِّمُوا,4
2187,هَاتُوا,4
2188,بُرْهَانَكُمْ,4
2189,مُحْسِنٌ,4
2190,النَّصَارَى,4
2191,بَشِيرًا,4
2192,إِمَامًا,4
2193,ذُرِّيَّتِي,4
2194,الْبَيْتَ,4
2195,أَهْلَهُ,4
2196,لِرَبِّ,4
2197,بَعْدِي,4
2198,اهْتَدَوْا,4
2199,شِقَاقٍ,4
2200,عَابِدُونَ,4
2201,أَعْمَالُكُمْ,4
2202,سَيَقُولُ,4
2203,يَعْرِفُونَ,4
2204,أَبْنَاءَهُمْ,4
2205,الْمُمْتَرِينَ,4
2206,وَلِكُلٍّ,4
2207,تَشْعُرُونَ,4
2208,وَمَاتُوا,4
2209,كُفَّارٌ,4
2210,وَالْمَلَائِكَةِ,4
2211,فَأَحْيَا,4
2212,حَلَالًا,4
2213,بِالسُّوءِ,4
2214,آبَاؤُهُمْ,4
2215,أُهِلَّ,4
2216,لِغَيْرِ,4
2217,اضْطُرَّ,4
2218,إِثْمَ,4
2219,الْبِرَّ,4
2220,الْمَشْرِقِ,4
2221,وَالصَّابِرِينَ,4
2222,وَالضَّرَّاءِ,4
2223,وَالْأُنْثَى,4
2224,اعْتَدَى,4
2225,أَحَدَكُمُ,4
2226,شَهِدَ,4
2227,هَدَاكُمْ,4
2228,نِسَائِكُمْ,4
2229,يُقَاتِلُونَكُمْ,4
2230,الْمُعْتَدِينَ,4
2231,الْقَتْلِ,4
2232,وَأَنْفِقُوا,4
2233,أَمِنْتُمْ,4
2234,الْحَجِّ,4
2235,فَصِيَامُ,4
2236,فَرَضَ,4
2237,خَيْرَ,4
2238,آتِنَا,4
2239,الْفَسَادَ,4
2240,يَرْزُقُ,4
2241,مُبَشِّرِينَ,4
2242,وَمُنْذِرِينَ,4
2243,لِيَحْكُمَ,4
2244,يَقُولَ,4
2245,أَنْفَقْتُمْ,4
2246,اسْتَطَاعُوا,4
2247,أَيْمَانِكُمْ,4
2248,أَشْهُرٍ,4
2249,يَحِلُّ,4
2250,أَرَادُوا,4
2251,آتَيْتُمُوهُنَّ,4
2252,طَلَّقْتُمُ,4
2253,أَجَلَهُنَّ,4
2254,ظَلَمَ,4
2255,أَزْكَى,4
2256,لِلتَّقْوَى,4
2257,كَثِيرَةً,4
2258,بَعَثَ,4
2259,الْمُلْكَ,4
2260,فَضَّلْنَا,4
2261,أَنْفِقُوا,4
2262,وَسِعَ,4
2263,فَأْتِ,4
2264,مَرَّ,4
2265,لَحْمًا,4
2266,وَمَغْفِرَةٌ,4
2267,نَخِيلٍ,4
2268,نَارٌ,4
2269,الْحِكْمَةَ,4
2270,تُبْدُوا,4
2271,وَجْهِ,4
2272,تُظْلَمُونَ,4
2273,وَعَلَانِيَةً,4
2274,وَآتَوُا,4
2275,وَذَرُوا,4
2276,ضَعِيفًا,4
2277,رَجُلَيْنِ,4
2278,تِجَارَةً,4
2279,وَيُعَذِّبُ,4
2280,وَاغْفِرْ,4
2281,انْتِقَامٍ,4
2282,يَخْفَى,4
2283,لِيَوْمٍ,4
2284,يُخْلِفُ,4
2285,الْمِيعَادَ,4
2286,تُغْنِيَ,4
2287,أَوْلَادُهُمْ,4
2288,وَالْأَنْعَامِ,4
2289,ذُنُوبَنَا,4
2290,وَأُولُو,4
2291,قَائِمًا,4
2292,الْحَيَّ,4
2293,صُدُورِكُمْ,4
2294,وَالرَّسُولَ,4
2295,ذُرِّيَّةً,4
2296,امْرَأَتُ,4
2297,هَبْ,4
2298,غُلَامٌ,4
2299,بِالْعَشِيِّ,4
2300,يَخْتَصِمُونَ,4
2301,الْمُقَرَّبِينَ,4
2302,جِئْتُكُمْ,4
2303,أُجُورَهُمْ,4
2304,خَلَقَهُ,4
2305,هَا,4
2306,دِينَكُمْ,4
2307,يَشْتَرُونَ,4
2308,بِعَهْدِ,4
2309,يَنْظُرُ,4
2310,بِالْكِتَابِ,4
2311,لِبَشَرٍ,4
2312,بِالْكُفْرِ,4
2313,أَفَغَيْرَ,4
2314,يَبْغُونَ,4
2315,طَوْعًا,4
2316,دِينًا,4
2317,كُفْرًا,4
2318,مُبَارَكًا,4
2319,وَيَأْمُرُونَ,4
2320,وَيَنْهَوْنَ,4
2321,يَسْجُدُونَ,4
2322,أَفْوَاهِهِمْ,4
2323,صُدُورُهُمْ,4
2324,كُلِّهِ,4
2325,تَقُولُ,4
2326,بُشْرَى,4
2327,يَتُوبَ,4
2328,مَغْفِرَةٍ,4
2329,فَعَلُوا,4
2330,فَاحِشَةً,4
2331,وَنِعْمَ,4
2332,ثَوَابَ,4
2333,الرُّعْبَ,4
2334,يُنَزِّلْ,4
2335,مَثْوَى,4
2336,وَعْدَهُ,4
2337,أَرَاكُمْ,4
2338,يَدْعُوكُمْ,4
2339,لِكَيْلَا,4
2340,أَصَابَكُمْ,4
2341,الْجَاهِلِيَّةِ,4
2342,هَاهُنَا,4
2343,الْجَمْعَانِ,4
2344,دَرَجَاتٌ,4
2345,مَنَّ,4
2346,يُضِيعُ,4
2347,اسْتَجَابُوا,4
2348,يَجْعَلَ,4
2349,قِيَامًا,4
2350,ثَوَابًا,4
2351,مَأْوَاهُمْ,4
2352,لَمَنْ,4
2353,تَعْدِلُوا,4
2354,هَنِيئًا,4
2355,حَسِيبًا,4
2356,اثْنَتَيْنِ,4
2357,وَصِيَّةٍ,4
2358,دَيْنٍ,4
2359,يُدْخِلْهُ,4
2360,الْفَاحِشَةَ,4
2361,عَنْهُمَا,4
2362,بِجَهَالَةٍ,4
2363,بِفَاحِشَةٍ,4
2364,مَكَانَ,4
2365,بُهْتَانًا,4
2366,الْمُحْصَنَاتِ,4
2367,كَرِيمًا,4
2368,فَضَّلَ,4
2369,تَخَافُونَ,4
2370,مُهِينًا,4
2371,يَكُنِ,4
2372,فَسَاءَ,4
2373,وَأَنْفَقُوا,4
2374,جِئْنَا,4
2375,مَرْضَى,4
2376,صَعِيدًا,4
2377,وَآتَيْنَاهُمْ,4
2378,سَمِيعًا,4
2379,وَأَحْسَنُ,4
2380,أَرَدْنَا,4
2381,وَإِذًا,4
2382,الْفَضْلُ,4
2383,أَكُنْ,4
2384,أَيْدِيَكُمْ,4
2385,نَفْسِكَ,4
2386,نَفْسَكَ,4
2387,أَضَلَّ,4
2388,قَوْمَهُمْ,4
2389,السَّلَمَ,4
2390,قَتَلَ,4
2391,مُؤْمِنَةٍ,4
2392,لَسْتَ,4
2393,عَرَضَ,4
2394,كَثِيرَةٌ,4
2395,الْقَاعِدِينَ,4
2396,وَسَاءَتْ,4
2397,يَرْضَى,4
2398,خَلْقَ,4
2399,وَاتَّخَذَ,4
2400,وَإِيَّاكُمْ,4
2401,تَكْفُرُوا,4
2402,يُذْهِبْكُمْ,4
2403,الْهَوَى,4
2404,الْعِزَّةَ,4
2405,يَخُوضُوا,4
2406,نَكُنْ,4
2407,مِيثَاقَهُمْ,4
2408,وَسُلَيْمَانَ,4
2409,يَشْهَدُ,4
2410,بِعِلْمِهِ,4
2411,يَشْهَدُونَ,4
2412,جَاءَكُمُ,4
2413,الْمُقَرَّبُونَ,4
2414,وَاسْتَكْبَرُوا,4
2415,هَلَكَ,4
2416,أَوْفُوا,4
2417,حِلٌّ,4
2418,وَأَرْجُلَكُمْ,4
2419,نِعْمَتَهُ,4
2420,عَشَرَ,4
2421,نَبَأَ,4
2422,أَخِي,4
2423,خِلَافٍ,4
2424,وَجَاهِدُوا,4
2425,سَمَّاعُونَ,4
2426,يَأْتُوكَ,4
2427,لِيَبْلُوَكُمْ,4
2428,بَعْضِ,4
2429,عِنْدِهِ,4
2430,نَادِمِينَ,4
2431,أَهَؤُلَاءِ,4
2432,يُقِيمُونَ,4
2433,يَتَوَلَّ,4
2434,طُغْيَانًا,4
2435,وَكُفْرًا,4
2436,وَأَلْقَيْنَا,4
2437,رِجْسٌ,4
2438,وَآمَنُوا,4
2439,عَدْلٍ,4
2440,وَبَالَ,4
2441,وَأَكْثَرُهُمْ,4
2442,قُرْبَى,4
2443,عَلَّامُ,4
2444,الْغُيُوبِ,4
2445,بِإِذْنِي,4
2446,نُرِيدُ,4
2447,قُلْتَ,4
2448,تَكْسِبُونَ,4
2449,أَغَيْرَ,4
2450,بِضُرٍّ,4
2451,أَئِنَّكُمْ,4
2452,بِآيَاتِهِ,4
2453,تَزْعُمُونَ,4
2454,مُشْرِكِينَ,4
2455,كَذَبُوا,4
2456,وَقْرًا,4
2457,فَأَخَذْنَاهُمْ,4
2458,فَتَحْنَا,4
2459,نُصَرِّفُ,4
2460,وَالْبَصِيرُ,4
2461,وَلِيٌّ,4
2462,بَيْنِنَا,4
2463,ظُلُمَاتِ,4
2464,يَتَوَفَّاكُمْ,4
2465,أَجَلٌ,4
2466,يَبْعَثَ,4
2467,شِيَعًا,4
2468,وَكَذَّبَ,4
2469,شَرَابٌ,4
2470,ائْتِنَا,4
2471,وَاتَّقُوهُ,4
2472,يُنْفَخُ,4
2473,اللَّيْلُ,4
2474,قَوْمُهُ,4
2475,بِظُلْمٍ,4
2476,مُبَارَكٌ,4
2477,أُمَّ,4
2478,تُؤْفَكُونَ,4
2479,الْعَلِيمِ,4
2480,حَبًّا,4
2481,وَجَنَّاتٍ,4
2482,خَالِقُ,4
2483,فَلِنَفْسِهِ,4
2484,زَيَّنَّا,4
2485,مَرْجِعُهُمْ,4
2486,وَأَقْسَمُوا,4
2487,أَنَّهَا,4
2488,لِيُؤْمِنُوا,4
2489,الْإِنْسِ,4
2490,يُوحِي,4
2491,تُطِعْ,4
2492,بِالْمُهْتَدِينَ,4
2493,رُسُلُ,4
2494,يَجْعَلُ,4
2495,الرِّجْسَ,4
2496,دَارُ,4
2497,يَوْمِكُمْ,4
2498,شَهِدْنَا,4
2499,مَكَانَتِكُمْ,4
2500,يَحْكُمُونَ,4
2501,بُطُونِ,4
2502,مُخْتَلِفًا,4
2503,لَصَادِقُونَ,4
2504,بَأْسَنَا,4
2505,ظَهَرَ,4
2506,آمَنَتْ,4
2507,خَلَائِفَ,4
2508,أَهْلَكْنَاهَا,4
2509,دَعْوَاهُمْ,4
2510,أُرْسِلَ,4
2511,ثَقُلَتْ,4
2512,فَاخْرُجْ,4
2513,لَأَمْلَأَنَّ,4
2514,الشَّجَرَةِ,4
2515,وَلِكُلِّ,4
2516,نَعَمْ,4
2517,خَوْفًا,4
2518,وَطَمَعًا,4
2519,سَحَابًا,4
2520,وَلَكِنِّي,4
2521,الْخَلْقِ,4
2522,تَعِدُنَا,4
2523,وَآبَاؤُكُمْ,4
2524,جَاءَتْكُمْ,4
2525,بِسُوءٍ,4
2526,الرَّجْفَةُ,4
2527,دَارِهِمْ,4
2528,فَتَوَلَّى,4
2529,لَتَأْتُونَ,4
2530,جَوَابَ,4
2531,امْرَأَتَهُ,4
2532,تَوَكَّلْنَا,4
2533,يَأْتِيَهُمْ,4
2534,فَأَرْسِلْ,4
2535,الْغَالِبِينَ,4
2536,أَلْقُوا,4
2537,عِنْدَكَ,4
2538,كَشَفْنَا,4
2539,فَانْتَقَمْنَا,4
2540,غَافِلِينَ,4
2541,آلِهَةٌ,4
2542,تَجْهَلُونَ,4
2543,وَأْمُرْ,4
2544,قَوْمَكَ,4
2545,جَسَدًا,4
2546,أَمْرَ,4
2547,أَرْحَمُ,4
2548,غَضَبٌ,4
2549,بَعْدِهَا,4
2550,لِرَبِّهِمْ,4
2551,عِنْدَهُمْ,4
2552,يَهْدُونَ,4
2553,الْمُبْطِلُونَ,4
2554,الْأَسْمَاءُ,4
2555,عِلْمُهَا,4
2556,لِنَفْسِي,4
2557,مَسَّنِيَ,4
2558,إِلَيْهَا,4
2559,فَتَعَالَى,4
2560,تَدْعُوهُمْ,4
2561,فَاسْتَعِذْ,4
2562,آيَاتُهُ,4
2563,إِحْدَى,4
2564,الْبَاطِلَ,4
2565,أَمْوَالُكُمْ,4
2566,وَيَصُدُّونَ,4
2567,قَوِيٌّ,4
2568,نِعْمَةً,4
2569,اتَّبَعَكَ,4
2570,يَغْلِبُوا,4
2571,سَبَقَ,4
2572,وَهَاجَرُوا,4
2573,عَاهَدْتُمْ,4
2574,لِلْمُشْرِكِينَ,4
2575,اسْتَقَامُوا,4
2576,أَيْمَانَهُمْ,4
2577,الْفَائِزُونَ,4
2578,فَتَرَبَّصُوا,4
2579,قَوْلُهُمْ,4
2580,رَسُولَهُ,4
2581,بِنَا,4
2582,يَأْتُونَ,4
2583,رَضُوا,4
2584,يُؤْذُونَ,4
2585,نَبَأُ,4
2586,وَالْمُنَافِقِينَ,4
2587,وَمَأْوَاهُمْ,4
2588,نَارُ,4
2589,وَآخَرُونَ,4
2590,وَقُلِ,4
2591,يُحِبُّونَ,4
2592,وَالْقُرْآنِ,4
2593,أَيُّكُمْ,4
2594,عَجَبًا,4
2595,يُدَبِّرُ,4
2596,لِقَاءَنَا,4
2597,وَيَعْبُدُونَ,4
2598,أَذَقْنَا,4
2599,مَكْرًا,4
2600,يَأْكُلُ,4
2601,بِالْأَمْسِ,4
2602,ذِلَّةٌ,4
2603,فَسَيَقُولُونَ,4
2604,رَبُّكُمُ,4
2605,تَحْكُمُونَ,4
2606,الصُّمَّ,4
2607,نُرِيَنَّكَ,4
2608,نَعِدُهُمْ,4
2609,وَأَسَرُّوا,4
2610,رَأَوُا,4
2611,لِتَسْكُنُوا,4
2612,فَعَلَيْهِ,4
2613,وَأَخِيهِ,4
2614,الْأَلِيمَ,4
2615,يَقْضِي,4
2616,تَدْعُ,4
2617,وَاتَّبِعْ,4
2618,حَكِيمٍ,4
2619,صَنَعُوا,4
2620,الْأَحْزَابِ,4
2621,نَرَاكَ,4
2622,نُوحُ,4
2623,بِأَعْيُنِنَا,4
2624,يَأْتِيهِ,4
2625,زَوْجَيْنِ,4
2626,رَحِمَ,4
2627,بُعْدًا,4
2628,تَتَوَلَّوْا,4
2629,نَجَّيْنَا,4
2630,لُوطًا,4
2631,بِعَزِيزٍ,4
2632,لِأَجَلٍ,4
2633,كَلِمَةُ,4
2634,الْجِنَّةِ,4
2635,أَبِيكُمْ,4
2636,غَدًا,4
2637,تَصِفُونَ,4
2638,تَأْكُلُ,4
2639,السِّجْنِ,4
2640,الْوَاحِدُ,4
2641,الْقَهَّارُ,4
2642,أَخَاهُ,4
2643,أَبِي,4
2644,يَتَّقِ,4
2645,لَطِيفٌ,4
2646,تَسْأَلُهُمْ,4
2647,تَأْتِيَهُمْ,4
2648,نُوحِي,4
2649,يَجْرِي,4
2650,بِمَاءٍ,4
2651,مُنْذِرٌ,4
2652,تَحْمِلُ,4
2653,وَكُلُّ,4
2654,خَلْفِهِ,4
2655,بِحَمْدِهِ,4
2656,خَلَقُوا,4
2657,عُقْبَى,4
2658,الْحَمِيدِ,4
2659,صَبَّارٍ,4
2660,شَكُورٍ,4
2661,أُرْسِلْتُمْ,4
2662,مِثْلُنَا,4
2663,مَحِيصٍ,4
2664,لِيَ,4
2665,قَرَارٍ,4
2666,يَصْلَوْنَهَا,4
2667,وَلِلْمُؤْمِنِينَ,4
2668,مَعْلُومٌ,4
2669,شَيْطَانٍ,4
2670,صَلْصَالٍ,4
2671,خَلَقْنَاهُ,4
2672,سُلْطَانٌ,4
2673,سُرُرٍ,4
2674,مُتَقَابِلِينَ,4
2675,بِغُلَامٍ,4
2676,الْأَيْكَةِ,4
2677,أَلْوَانُهُ,4
2678,وَلِتَبْتَغُوا,4
2679,شُرَكَائِيَ,4
2680,أَيْمَانُهُمْ,4
2681,أَزْوَاجِكُمْ,4
2682,وَضَرَبَ,4
2683,وَالْأَفْئِدَةَ,4
2684,الْبَصِيرُ,4
2685,لِتَبْتَغُوا,4
2686,وَكُلَّ,4
2687,فَحَقَّ,4
2688,تَجْعَلْ,4
2689,الشَّيَاطِينِ,4
2690,كَفُورًا,4
2691,مَسْئُولًا,4
2692,نُفُورًا,4
2693,وَلَّوْا,4
2694,عِظَامًا,4
2695,أَحَاطَ,4
2696,يُرْسِلَ,4
2697,حَاصِبًا,4
2698,بِيَمِينِهِ,4
2699,سُنَّةَ,4
2700,قَبْلَكَ,4
2701,يَزِيدُ,4
2702,الْإِنْسَانِ,4
2703,الشَّرُّ,4
2704,ظَهِيرًا,4
2705,مَثَلٍ,4
2706,كِسَفًا,4
2707,نَزَلَ,4
2708,تَنْزِيلًا,4
2709,عَبْدِهِ,4
2710,لِيُنْذِرَ,4
2711,تَخْرُجُ,4
2712,الْكَهْفِ,4
2713,لَبِثُوا,4
2714,أَمْرِهِمْ,4
2715,سَيَقُولُونَ,4
2716,أَسَاوِرَ,4
2717,بِرَبِّي,4
2718,تَسْتَطِيعَ,4
2719,مَوْعِدًا,4
2720,أَهْلَكْنَاهُمْ,4
2721,الْبَحْرَيْنِ,4
2722,سَبَبًا,4
2723,وَنُفِخَ,4
2724,يَحْسَبُونَ,4
2725,يَرْجُو,4
2726,سَوِيًّا,4
2727,وَعَشِيًّا,4
2728,بِوَالِدَيْهِ,4
2729,وَجَعَلَنِي,4
2730,الْأَحْزَابُ,4
2731,رَحْمَتِنَا,4
2732,الطُّورِ,4
2733,وَآمَنَ,4
2734,أَفَرَأَيْتَ,4
2735,تَحْتَ,4
2736,آتِيكُمْ,4
2737,نُودِيَ,4
2738,بَيْضَاءَ,4
2739,كَيْ,4
2740,سُبُلًا,4
2741,النَّجْوَى,4
2742,أَفْلَحَ,4
2743,تَزَكَّى,4
2744,رَأَيْتَهُمْ,4
2745,خُلِقَ,4
2746,لِيَوْمِ,4
2747,يَنْطِقُونَ,4
2748,وَنَجَّيْنَاهُ,4
2749,أَئِمَّةً,4
2750,فَاسْتَجَبْنَا,4
2751,عِبَادِيَ,4
2752,أَدْرِي,4
2753,الْقُبُورِ,4
2754,وَالْقَمَرُ,4
2755,مَنَافِعُ,4
2756,وَعَادٌ,4
2757,وَقَوْمُ,4
2758,نَكِيرِ,4
2759,يُولِجُ,4
2760,وَيُولِجُ,4
2761,مَلَائِكَةً,4
2762,إِفْكٌ,4
2763,إِخْوَانِهِنَّ,4
2764,نَذِيرًا,4
2765,وَأَصِيلًا,4
2766,وَيَجْعَلْ,4
2767,ثُبُورًا,4
2768,تُطِعِ,4
2769,أَغْرَقْنَا,4
2770,أَفَرَأَيْتُمْ,4
2771,أَخُوهُمْ,4
2772,فَتْحًا,4
2773,لَدَيَّ,4
2774,رَآهُ,4
2775,فَأَنْبَتْنَا,4
2776,وَهَامَانَ,4
2777,يُنَادِيهِمْ,4
2778,وَإِبْرَاهِيمَ,4
2779,رِيحًا,4
2780,فَيَوْمَئِذٍ,4
2781,تَدْرِي,4
2782,الْمَأْوَى,4
2783,جَمِيلًا,4
2784,مِنْكُنَّ,4
2785,وَبَنَاتِ,4
2786,أَعْمَالَكُمْ,4
2787,وَالْمُشْرِكِينَ,4
2788,شَكُورٌ,4
2789,الشَّمْسُ,4
2790,فَاكِهَةٌ,4
2791,جُنْدٌ,4
2792,لَيَقُولُونَ,4
2793,سَاحِرٌ,4
2794,كَذَّابٌ,4
2795,أَوَّابٌ,4
2796,حَمِيمٌ,4
2797,عِبَادِ,4
2798,وَبَدَا,4
2799,الْحَمِيمِ,4
2800,تَنْزِيلٌ,4
2801,مَمْنُونٍ,4
2802,فِضَّةٍ,4
2803,مَجْنُونٌ,4
2804,فَذَكِّرْ,4
2805,يَسَّرْنَا,4
2806,لِلذِّكْرِ,4
2807,بِاسْمِ,4
2808,نَعِيمٍ,4
2809,الْيَقِينِ,4
2810,حِسَابًا,4
2811,أَدْبَرَ,4
2812,تَذْكِرَةٌ,4
2813,أَيَحْسَبُ,4
2814,وَتَوَاصَوْا,4
2815,نَعْبُدُ,3
2816,الصِّرَاطَ,3
2817,الْمُسْتَقِيمَ,3
2818,أَنُؤْمِنُ,3
2819,الضَّلَالَةَ,3
2820,مُهْتَدِينَ,3
2821,صُمٌّ,3
2822,بِالْكَافِرِينَ,3
2823,فَأَخْرَجَ,3
2824,مُتَشَابِهًا,3
2825,أَزْوَاجٌ,3
2826,مُطَهَّرَةٌ,3
2827,يُوصَلَ,3
2828,عِلْمَ,3
2829,وَأَعْلَمُ,3
2830,تُبْدُونَ,3
2831,أَبَى,3
2832,وَاسْتَكْبَرَ,3
2833,رَغَدًا,3
2834,الشَّجَرَةَ,3
2835,مُسْتَقَرٌّ,3
2836,وَمَتَاعٌ,3
2837,يَأْتِيَنَّكُمْ,3
2838,نِعْمَتِيَ,3
2839,أَنْعَمْتُ,3
2840,وَإِيَّايَ,3
2841,وَآمِنُوا,3
2842,تَشْتَرُوا,3
2843,وَالصَّلَاةِ,3
2844,مُلَاقُو,3
2845,شَفَاعَةٌ,3
2846,يَسُومُونَكُمْ,3
2847,وَيَسْتَحْيُونَ,3
2848,نِسَاءَكُمْ,3
2849,لَيْلَةً,3
2850,جَهْرَةً,3
2851,الصَّاعِقَةُ,3
2852,الْمَنَّ,3
2853,وَالسَّلْوَى,3
2854,الْقَرْيَةَ,3
2855,وَادْخُلُوا,3
2856,فَأَنْزَلْنَا,3
2857,رِجْزًا,3
2858,وَإِذِ,3
2859,اضْرِبْ,3
2860,بِعَصَاكَ,3
2861,عَشْرَةَ,3
2862,أُنَاسٍ,3
2863,عَصَوْا,3
2864,يَعْتَدُونَ,3
2865,الطُّورَ,3
2866,آتَيْنَاكُمْ,3
2867,وَمَوْعِظَةً,3
2868,يُبَيِّنْ,3
2869,بَقَرَةٌ,3
2870,مُسَلَّمَةٌ,3
2871,خَشْيَةِ,3
2872,كَلَامَ,3
2873,أَوَلَا,3
2874,بِأَيْدِيهِمْ,3
2875,وَوَيْلٌ,3
2876,أَيَّامًا,3
2877,كَسَبَ,3
2878,سَيِّئَةً,3
2879,وَقَفَّيْنَا,3
2880,بِرُوحِ,3
2881,تَهْوَى,3
2882,وَفَرِيقًا,3
2883,بِئْسَمَا,3
2884,يَكْفُرُوا,3
2885,يُنَزِّلَ,3
2886,نُؤْمِنُ,3
2887,خَالِصَةً,3
2888,أَحَدُهُمْ,3
2889,قَلْبِكَ,3
2890,وَمَلَائِكَتِهِ,3
2891,يَكْفُرُ,3
2892,سُلَيْمَانُ,3
2893,يَضُرُّهُمْ,3
2894,تَسْأَلُوا,3
2895,كَثِيرٌ,3
2896,مَنَعَ,3
2897,مَسَاجِدَ,3
2898,تُوَلُّوا,3
2899,وَجْهُ,3
2900,تَأْتِينَا,3
2901,بَيَّنَّا,3
2902,وَلَئِنِ,3
2903,اتَّبَعْتَ,3
2904,بَيْتِيَ,3
2905,آيَاتِكَ,3
2906,وَيُعَلِّمُهُمُ,3
2907,وَيُزَكِّيهِمْ,3
2908,بَنِيَّ,3
2909,اصْطَفَى,3
2910,كَسَبْتُمْ,3
2911,وَالْأَسْبَاطِ,3
2912,نُفَرِّقُ,3
2913,أَعْمَالُنَا,3
2914,شَهَادَةً,3
2915,وَيَكُونَ,3
2916,لِنَعْلَمَ,3
2917,يَتَّبِعُ,3
2918,عَقِبَيْهِ,3
2919,بِالنَّاسِ,3
2920,فَوَلِّ,3
2921,شَطْرَ,3
2922,لِئَلَّا,3
2923,نِعْمَتِي,3
2924,الْأَمْوَالِ,3
2925,بِهِمَا,3
2926,لَعْنَةُ,3
2927,وَاخْتِلَافِ,3
2928,وَبَثَّ,3
2929,حُبًّا,3
2930,كَرَّةً,3
2931,نَتَّبِعُ,3
2932,وَمَثَلُ,3
2933,وَالدَّمَ,3
2934,الْخِنْزِيرِ,3
2935,بَاغٍ,3
2936,بُطُونِهِمْ,3
2937,وَالْمَغْرِبِ,3
2938,وَالنَّبِيِّينَ,3
2939,وَآتَى,3
2940,وَابْنَ,3
2941,الرِّقَابِ,3
2942,بِإِحْسَانٍ,3
2943,وَالْأَقْرَبِينَ,3
2944,بَعْدَمَا,3
2945,مَعْدُودَاتٍ,3
2946,مَرِيضًا,3
2947,طَعَامُ,3
2948,الدَّاعِ,3
2949,وَابْتَغُوا,3
2950,يَتَبَيَّنَ,3
2951,أَمْوَالَكُمْ,3
2952,بِأَنْ,3
2953,وَقَاتِلُوا,3
2954,تَعْتَدُوا,3
2955,وَاقْتُلُوهُمْ,3
2956,انْتَهَوْا,3
2957,رَأْسِهِ,3
2958,وَاسْتَغْفِرُوا,3
2959,آبَاءَكُمْ,3
2960,فَمِنَ,3
2961,يَوْمَيْنِ,3
2962,سَعَى,3
2963,الْعِزَّةُ,3
2964,مَرْضَاتِ,3
2965,يَأْتِيَهُمُ,3
2966,فَهَدَى,3
2967,حَسِبْتُمْ,3
2968,نَصْرُ,3
2969,يَرُدُّوكُمْ,3
2970,رَحْمَتَ,3
2971,وَمَنَافِعُ,3
2972,تَتَفَكَّرُونَ,3
2973,فَإِخْوَانُكُمْ,3
2974,تَنْكِحُوا,3
2975,الْمَحِيضِ,3
2976,بِاللَّغْوِ,3
2977,نِسَائِهِمْ,3
2978,ثَلَاثَةَ,3
2979,كُنَّ,3
2980,يُقِيمَا,3
2981,فَأَمْسِكُوهُنَّ,3
2982,يَعِظُكُمْ,3
2983,أَوْلَادَكُمْ,3
2984,آتَيْتُمْ,3
2985,وَيَذَرُونَ,3
2986,تَمَسُّوهُنَّ,3
2987,تَعْفُوا,3
2988,الْفَضْلَ,3
2989,مَعْرُوفٍ,3
2990,لِنَبِيٍّ,3
2991,يُؤْتِي,3
2992,آيَةَ,3
2993,يَأْتِيَكُمُ,3
2994,فِئَةٍ,3
2995,دَاوُودُ,3
2996,نَتْلُوهَا,3
2997,وَرَفَعَ,3
2998,بَيْعٌ,3
2999,وَالْكَافِرُونَ,3
3000,الْحَيُّ,3
3001,الْغَيِّ,3
3002,وَلِيُّ,3
3003,رَبِّيَ,3
3004,خَاوِيَةٌ,3
3005,عُرُوشِهَا,3
3006,مِائَةَ,3
3007,عَامٍ,3
3008,وَانْظُرْ,3
3009,فَخُذْ,3
3010,جَبَلٍ,3
3011,مَالَهُ,3
3012,وَابِلٌ,3
3013,يَقْدِرُونَ,3
3014,جَنَّةٍ,3
3015,أُكُلَهَا,3
3016,ضِعْفَيْنِ,3
3017,جَنَّةٌ,3
3018,وَأَعْنَابٍ,3
3019,الْكِبَرُ,3
3020,بِالْفَحْشَاءِ,3
3021,مَغْفِرَةً,3
3022,يَذَّكَّرُ,3
3023,أَنْصَارٍ,3
3024,لِلْفُقَرَاءِ,3
3025,يَسْأَلُونَ,3
3026,عَادَ,3
3027,أَمْوَالِكُمْ,3
3028,كَاتِبٌ,3
3029,عَلَّمَهُ,3
3030,دُعُوا,3
3031,تُخْفُوهُ,3
3032,وَكُتُبِهِ,3
3033,وَإِلَيْكَ,3
3034,وَعَلَيْهَا,3
3035,وَارْحَمْنَا,3
3036,الْفُرْقَانَ,3
3037,الْفِتْنَةِ,3
3038,كَدَأْبِ,3
3039,وَأُخْرَى,3
3040,بِنَصْرِهِ,3
3041,الْأَبْصَارِ,3
3042,الشَّهَوَاتِ,3
3043,وَرِضْوَانٌ,3
3044,أَسْلَمُوا,3
3045,يَأْمُرُونَ,3
3046,فَبَشِّرْهُمْ,3
3047,يَتَوَلَّى,3
3048,الْمَيِّتَ,3
3049,وَبَيْنَهُ,3
3050,أَمَدًا,3
3051,ذُنُوبَكُمْ,3
3052,وَنُوحًا,3
3053,عِمْرَانَ,3
3054,وَجَدَ,3
3055,عِنْدَهَا,3
3056,دَعَا,3
3057,قَائِمٌ,3
3058,الْمَهْدِ,3
3059,كَذَلِكِ,3
3060,الطِّينِ,3
3061,طَيْرًا,3
3062,الْحَوَارِيُّونَ,3
3063,وَمَكَرُوا,3
3064,سَوَاءٍ,3
3065,نَعْبُدَ,3
3066,نُشْرِكَ,3
3067,بَعْضُنَا,3
3068,أَرْبَابًا,3
3069,التَّوْرَاةُ,3
3070,اتَّبَعُوهُ,3
3071,وَجْهَ,3
3072,أَوْفَى,3
3073,وَالْحُكْمَ,3
3074,وَالنُّبُوَّةَ,3
3075,إِيمَانِهِمْ,3
3076,وَشَهِدُوا,3
3077,الضَّالُّونَ,3
3078,وَلَوِ,3
3079,بَيْتٍ,3
3080,تَفَرَّقُوا,3
3081,أَعْدَاءً,3
3082,فَفِي,3
3083,تَأْمُرُونَ,3
3084,الْأَنْبِيَاءَ,3
3085,حَرْثَ,3
3086,وَدُّوا,3
3087,يَضُرُّكُمْ,3
3088,النَّصْرُ,3
3089,أَجْرُ,3
3090,الْعَامِلِينَ,3
3091,تَهِنُوا,3
3092,تَحْزَنُوا,3
3093,وَأَنْتُمُ,3
3094,مِثْلُهُ,3
3095,يَعْلَمِ,3
3096,مُحَمَّدٌ,3
3097,أَعْقَابِكُمْ,3
3098,لِنَفْسٍ,3
3099,نُؤْتِهِ,3
3100,أَصَابَهُمْ,3
3101,وَحُسْنَ,3
3102,فَاتَكُمْ,3
3103,الْغَمِّ,3
3104,طَائِفَةً,3
3105,وَطَائِفَةٌ,3
3106,الْتَقَى,3
3107,لِإِخْوَانِهِمْ,3
3108,ضَرَبُوا,3
3109,مَاتُوا,3
3110,لِيَجْعَلَ,3
3111,حَسْرَةً,3
3112,يَجْمَعُونَ,3
3113,وَمَأْوَاهُ,3
3114,قَاتِلُوا,3
3115,لِلْإِيمَانِ,3
3116,وَفَضْلٍ,3
3117,وَالرَّسُولِ,3
3118,حَسْبُنَا,3
3119,يَضُرُّوا,3
3120,حَظًّا,3
3121,يَحْسَبَنَّ,3
3122,لِأَنْفُسِهِمْ,3
3123,الطَّيِّبِ,3
3124,يَبْخَلُونَ,3
3125,عَهِدَ,3
3126,لِرَسُولٍ,3
3127,قَبْلِي,3
3128,كَذَّبُوكَ,3
3129,ذَائِقَةُ,3
3130,وَإِنَّمَا,3
3131,وَأَنْفُسِكُمْ,3
3132,عَزْمِ,3
3133,أَتَوْا,3
3134,فَاسْتَجَابَ,3
3135,سَبِيلِي,3
3136,خَاشِعِينَ,3
3137,زَوْجَهَا,3
3138,مَثْنَى,3
3139,غَنِيًّا,3
3140,الْوَالِدَانِ,3
3141,وَالْأَقْرَبُونَ,3
3142,أَمْوَالَ,3
3143,فَلَهَا,3
3144,السُّدُسُ,3
3145,نِصْفُ,3
3146,يَعْصِ,3
3147,خَالِدًا,3
3148,تَوَّابًا,3
3149,يَتُوبُونَ,3
3150,تُبْتُ,3
3151,كَرْهًا,3
3152,مُبَيِّنَةٍ,3
3153,وَإِثْمًا,3
3154,مِيثَاقًا,3
3155,غَلِيظًا,3
3156,وَسَاءَ,3
3157,حُرِّمَتْ,3
3158,دَخَلْتُمْ,3
3159,بِهِنَّ,3
3160,وَالْمُحْصَنَاتُ,3
3161,بِأَمْوَالِكُمْ,3
3162,فَمِنْ,3
3163,خَشِيَ,3
3164,لِيُبَيِّنَ,3
3165,وَيُرِيدُ,3
3166,كَبَائِرَ,3
3167,عَلِيًّا,3
3168,وَاعْبُدُوا,3
3169,تُشْرِكُوا,3
3170,يَظْلِمُ,3
3171,وَجِئْنَا,3
3172,عَفُوًّا,3
3173,وَيُرِيدُونَ,3
3174,يُحَرِّفُونَ,3
3175,الْكَلِمَ,3
3176,مَوَاضِعِهِ,3
3177,وَيَغْفِرُ,3
3178,فَتِيلًا,3
3179,يُؤْتُونَ,3
3180,أُمِرُوا,3
3181,كَتَبْنَا,3
3182,اقْتُلُوا,3
3183,انْفِرُوا,3
3184,فَوْزًا,3
3185,الرِّجَالِ,3
3186,أَخْرِجْنَا,3
3187,فَقَاتِلُوا,3
3188,وَالْآخِرَةُ,3
3189,أَيْنَمَا,3
3190,يَكَادُونَ,3
3191,أَصَابَكَ,3
3192,سَيِّئَةٍ,3
3193,حَفِيظًا,3
3194,طَاعَةٌ,3
3195,يُهَاجِرُوا,3
3196,يَصِلُونَ,3
3197,مِيثَاقٌ,3
3198,جَاءُوكُمْ,3
3199,رُدُّوا,3
3200,فَتَحْرِيرُ,3
3201,وَغَضِبَ,3
3202,ضَرَبْتُمْ,3
3203,فَتَبَيَّنُوا,3
3204,الْمُجَاهِدِينَ,3
3205,دَرَجَةً,3
3206,مَصِيرًا,3
3207,فَأَقِيمُوا,3
3208,عِبَادِكَ,3
3209,قِيلًا,3
3210,خَلِيلًا,3
3211,وَإِنِ,3
3212,الْأَنْفُسُ,3
3213,وَيَأْتِ,3
3214,عِنْدَهُمُ,3
3215,شَاكِرًا,3
3216,الْجَهْرَ,3
3217,يَتَّخِذُوا,3
3218,وَأَخَذْنَا,3
3219,وَقَوْلِهِمْ,3
3220,طَبَعَ,3
3221,الظَّنِّ,3
3222,وَأَيُّوبَ,3
3223,أَنْزَلَهُ,3
3224,عِبَادَتِهِ,3
3225,وَيَزِيدُهُمْ,3
3226,كَانَتَا,3
3227,حُرُمٌ,3
3228,وَرِضْوَانًا,3
3229,يَجْرِمَنَّكُمْ,3
3230,عَلَّمَكُمُ,3
3231,حَرَجٍ,3
3232,الْعَدَاوَةَ,3
3233,وَالْبَغْضَاءَ,3
3234,وَيَعْفُو,3
3235,السَّلَامِ,3
3236,فَإِنَّهَا,3
3237,فَكَأَنَّمَا,3
3238,فَسَادًا,3
3239,وَمِثْلَهُ,3
3240,يُعَذِّبُ,3
3241,يُرِدِ,3
3242,أَعْرِضْ,3
3243,الْمُقْسِطِينَ,3
3244,يَحْكُمْ,3
3245,وَأَنِ,3
3246,فَاعْلَمْ,3
3247,يَتَوَلَّهُمْ,3
3248,بِقَوْمٍ,3
3249,حِزْبَ,3
3250,وَلَعِبًا,3
3251,أُنَبِّئُكُمْ,3
3252,الطَّاغُوتَ,3
3253,وَأَضَلُّ,3
3254,يَدَاهُ,3
3255,تَحْتِ,3
3256,وَأَرْسَلْنَا,3
3257,أَهْوَاءَ,3
3258,مَوَدَّةً,3
3259,أَيْمَانَكُمْ,3
3260,بَيْنَكُمُ,3
3261,وَعَنِ,3
3262,لِيَعْلَمَ,3
3263,لِتَعْلَمُوا,3
3264,اعْلَمُوا,3
3265,بَيْنِكُمْ,3
3266,يَجْمَعُ,3
3267,وَنَكُونَ,3
3268,تَغْفِرْ,3
3269,أَجَلًا,3
3270,مَكَّنَّاهُمْ,3
3271,مِدْرَارًا,3
3272,الْأَنْهَارَ,3
3273,فَأَهْلَكْنَاهُمْ,3
3274,مَلَكًا,3
3275,اسْتُهْزِئَ,3
3276,بِرُسُلٍ,3
3277,سَخِرُوا,3
3278,انْظُرُوا,3
3279,فَاطِرِ,3
3280,عَصَيْتُ,3
3281,يَمْسَسْكَ,3
3282,أَيُّ,3
3283,أَكِنَّةً,3
3284,يَفْقَهُوهُ,3
3285,يَنْهَوْنَ,3
3286,حَيَاتُنَا,3
3287,لَعِبٌ,3
3288,وَلَهْوٌ,3
3289,مُبَدِّلَ,3
3290,لِكَلِمَاتِ,3
3291,يَبْعَثُهُمُ,3
3292,أُمَمٌ,3
3293,يُحْشَرُونَ,3
3294,أَتَاكُمْ,3
3295,وَزَيَّنَ,3
3296,فَرِحُوا,3
3297,مُبْلِسُونَ,3
3298,يَصْدِفُونَ,3
3299,نُرْسِلُ,3
3300,وَعِنْدَهُ,3
3301,وَيُرْسِلُ,3
3302,تَضَرُّعًا,3
3303,قَوْمُكَ,3
3304,وَغَرَّتْهُمُ,3
3305,وَعَذَابٌ,3
3306,الْقَمَرَ,3
3307,لِلَّذِي,3
3308,تَتَذَكَّرُونَ,3
3309,الْفَرِيقَيْنِ,3
3310,هَدَيْنَا,3
3311,آبَائِهِمْ,3
3312,وَذُرِّيَّاتِهِمْ,3
3313,قَدَرُوا,3
3314,قَدْرِهِ,3
3315,حَوْلَهَا,3
3316,يُحَافِظُونَ,3
3317,الْهُونِ,3
3318,تَسْتَكْبِرُونَ,3
3319,تَقْدِيرُ,3
3320,فَصَّلْنَا,3
3321,أَعْنَابٍ,3
3322,وَالزَّيْتُونَ,3
3323,وَغَيْرَ,3
3324,ثَمَرِهِ,3
3325,الْجِنَّ,3
3326,بَصَائِرُ,3
3327,فَعَلَيْهَا,3
3328,وَأَعْرِضْ,3
3329,جَعَلْنَاكَ,3
3330,فَيُنَبِّئُهُمْ,3
3331,الْآيَاتُ,3
3332,إِلَيْهِمُ,3
3333,وَتَمَّتْ,3
3334,يَخْرُصُونَ,3
3335,أَجْرَمُوا,3
3336,صَدْرَهُ,3
3337,كَأَنَّمَا,3
3338,مَعْشَرَ,3
3339,قَدِ,3
3340,وَأَهْلُهَا,3
3341,الرَّحْمَةِ,3
3342,ذُرِّيَّةِ,3
3343,عَامِلٌ,3
3344,حَقَّهُ,3
3345,أَزْوَاجٍ,3
3346,أَجِدُ,3
3347,عِنْدَكُمْ,3
3348,تَتَّبِعُونَ,3
3349,فَلَوْ,3
3350,وَصَّاكُمْ,3
3351,نُكَلِّفُ,3
3352,لَكُنَّا,3
3353,بَيِّنَةٌ,3
3354,مُنْتَظِرُونَ,3
3355,يُجْزَى,3
3356,أَوَّلُ,3
3357,تَكْسِبُ,3
3358,بَيَاتًا,3
3359,خَفَّتْ,3
3360,مَنَعَكَ,3
3361,الْمُنْظَرِينَ,3
3362,مَدْحُورًا,3
3363,تَبِعَكَ,3
3364,النَّاصِحِينَ,3
3365,وَفِيهَا,3
3366,تُخْرَجُونَ,3
3367,لِبَاسًا,3
3368,أَتَقُولُونَ,3
3369,وَيَحْسَبُونَ,3
3370,لِعِبَادِهِ,3
3371,يَسْتَقْدِمُونَ,3
3372,وَنَزَعْنَا,3
3373,تَحْتِهِمُ,3
3374,وَعَدَنَا,3
3375,وَيَبْغُونَهَا,3
3376,تَجْعَلْنَا,3
3377,لَهْوًا,3
3378,بِكِتَابٍ,3
3379,نَعْمَلُ,3
3380,وَالْأَمْرُ,3
3381,يُرْسِلُ,3
3382,بُشْرًا,3
3383,لَنَرَاكَ,3
3384,خُلَفَاءَ,3
3385,فَأْتِنَا,3
3386,سَمَّيْتُمُوهَا,3
3387,فَانْتَظِرُوا,3
3388,الْمُنْتَظِرِينَ,3
3389,دَابِرَ,3
3390,تَمَسُّوهَا,3
3391,فَيَأْخُذَكُمْ,3
3392,تَتَّخِذُونَ,3
3393,أَبْلَغْتُكُمْ,3
3394,أَتَأْتُونَ,3
3395,الرِّجَالَ,3
3396,مَطَرًا,3
3397,تَبْخَسُوا,3
3398,أَشْيَاءَهُمْ,3
3399,أُرْسِلْتُ,3
3400,يَحْكُمَ,3
3401,شُعَيْبُ,3
3402,عُدْنَا,3
3403,لَئِنِ,3
3404,لَخَاسِرُونَ,3
3405,يَغْنَوْا,3
3406,بَدَّلْنَا,3
3407,يَطْبَعُ,3
3408,فَأَلْقَى,3
3409,عَصَاهُ,3
3410,يَدَهُ,3
3411,لِلنَّاظِرِينَ,3
3412,لَسَاحِرٌ,3
3413,أَرْضِكُمْ,3
3414,فَمَاذَا,3
3415,وَأَخَاهُ,3
3416,الْمَدَائِنِ,3
3417,حَاشِرِينَ,3
3418,سَاحِرٍ,3
3419,لَأَجْرًا,3
3420,وَإِنَّكُمْ,3
3421,وَجَاءُوا,3
3422,عَصَاكَ,3
3423,آذَنَ,3
3424,نِسَاءَهُمْ,3
3425,وَاصْبِرُوا,3
3426,وَالْعَاقِبَةُ,3
3427,فَأَغْرَقْنَاهُمْ,3
3428,مَكَانَهُ,3
3429,دَكًّا,3
3430,وَكُنْ,3
3431,دَارَ,3
3432,يُجْزَوْنَ,3
3433,وَأَلْقَى,3
3434,شِئْتَ,3
3435,وَلَعَلَّهُمْ,3
3436,الصَّالِحُونَ,3
3437,يَأْتِهِمْ,3
3438,نُضِيعُ,3
3439,ذُرِّيَّتَهُمْ,3
3440,فَأَتْبَعَهُ,3
3441,يُضْلِلْ,3
3442,لِجَهَنَّمَ,3
3443,قُلُوبٌ,3
3444,آذَانٌ,3
3445,يُلْحِدُونَ,3
3446,يُخْلَقُونَ,3
3447,نَصْرًا,3
3448,تُنْظِرُونِ,3
3449,بِالْغُدُوِّ,3
3450,وَالْآصَالِ,3
3451,بِكَلِمَاتِهِ,3
3452,شَرَّ,3
3453,وَلِلرَّسُولِ,3
3454,وَرَزَقَكُمْ,3
3455,بَعْضَهُ,3
3456,الْمَوْلَى,3
3457,أَسْفَلَ,3
3458,يَضْرِبُونَ,3
3459,وُجُوهَهُمْ,3
3460,وَذُوقُوا,3
3461,وَآخَرِينَ,3
3462,دُونِهِمْ,3
3463,يَعْلَمُهُمْ,3
3464,يُؤْتِكُمْ,3
3465,وَعِنْدَ,3
3466,يَظْهَرُوا,3
3467,فَصَدُّوا,3
3468,يَسْتَوُونَ,3
3469,الْإِيمَانِ,3
3470,كَثِيرَةٍ,3
3471,تُغْنِ,3
3472,سَكِينَتَهُ,3
3473,تَرَوْهَا,3
3474,الْمُشْرِكُونَ,3
3475,الْمَسْجِدَ,3
3476,وَدِينِ,3
3477,لِيُظْهِرَهُ,3
3478,الْقَيِّمُ,3
3479,عَامًا,3
3480,بِالْحَيَاةِ,3
3481,يُعَذِّبْكُمْ,3
3482,غَيْرَكُمْ,3
3483,فَأَنْزَلَ,3
3484,كَلِمَةَ,3
3485,لَوِ,3
3486,الْفِتْنَةَ,3
3487,فَرِحُونَ,3
3488,نَارَ,3
3489,تَعْتَذِرُوا,3
3490,وَالْمُنَافِقَاتِ,3
3491,وَعَادٍ,3
3492,لِيَظْلِمَهُمْ,3
3493,آتَاهُمْ,3
3494,تَسْتَغْفِرْ,3
3495,مَرَّةً,3
3496,الْمُخَلَّفُونَ,3
3497,تَقُومَ,3
3498,يَزَالُ,3
3499,وَالْمُهَاجِرِينَ,3
3500,نَصَبٌ,3
3501,يُفْتَنُونَ,3
3502,نَظَرَ,3
3503,شَفِيعٍ,3
3504,عَدَدَ,3
3505,ضُرٍّ,3
3506,الْغَيْبُ,3
3507,ضَرَّاءَ,3
3508,دَعَوُا,3
3509,وَظَنَّ,3
3510,أَتَاهَا,3
3511,الضَّلَالُ,3
3512,شُرَكَائِكُمْ,3
3513,تَهْدِي,3
3514,يَلْبَثُوا,3
3515,نَتَوَفَّيَنَّكَ,3
3516,وَرَبِّي,3
3517,لَحَقٌّ,3
3518,رِزْقٍ,3
3519,الْبُشْرَى,3
3520,مُبْصِرًا,3
3521,فَنَجَّيْنَاهُ,3
3522,قَوْمِهِمْ,3
3523,لِلْقَوْمِ,3
3524,يَرَوُا,3
3525,وَجُنُودُهُ,3
3526,آمَنْتُ,3
3527,لِتَكُونَ,3
3528,وَرَزَقْنَاهُمْ,3
3529,كُلُّهُمْ,3
3530,لِلدِّينِ,3
3531,فَعَلْتَ,3
3532,يَهْتَدِي,3
3533,فُصِّلَتْ,3
3534,اسْتَغْفِرُوا,3
3535,كَنْزٌ,3
3536,شَاهِدٌ,3
3537,يُعْرَضُونَ,3
3538,كَاذِبِينَ,3
3539,مُغْرَقُونَ,3
3540,يُخْزِيهِ,3
3541,كُلٍّ,3
3542,وَأَهْلَكَ,3
3543,بِسَلَامٍ,3
3544,فَطَرَنِي,3
3545,وَرَبِّكُمْ,3
3546,غَلِيظٍ,3
3547,رُسُلَهُ,3
3548,جَبَّارٍ,3
3549,عَنِيدٍ,3
3550,لَعْنَةً,3
3551,فَعَقَرُوهَا,3
3552,تَمَتَّعُوا,3
3553,الْقَوِيُّ,3
3554,خِيفَةً,3
3555,أُرْسِلْنَا,3
3556,لَشَيْءٌ,3
3557,عَلِمْتَ,3
3558,فَأَسْرِ,3
3559,بِأَهْلِكَ,3
3560,سِجِّيلٍ,3
3561,وَسُلْطَانٍ,3
3562,ظَلَمْنَاهُمْ,3
3563,ظَالِمَةٌ,3
3564,تَطْغَوْا,3
3565,تُنْصَرُونَ,3
3566,وَأَقِمِ,3
3567,خَلَقَهُمْ,3
3568,عَامِلُونَ,3
3569,غَيْبُ,3
3570,تَأْوِيلِ,3
3571,الْأَحَادِيثِ,3
3572,عُصْبَةٌ,3
3573,صَالِحِينَ,3
3574,قَائِلٌ,3
3575,لَحَافِظُونَ,3
3576,الذِّئْبُ,3
3577,سَوَّلَتْ,3
3578,أَنْفُسُكُمْ,3
3579,وَجَاءَتْ,3
3580,مِصْرَ,3
3581,مَكَّنَّا,3
3582,لِيُوسُفَ,3
3583,دُبُرٍ,3
3584,قُدَّ,3
3585,وَدَخَلَ,3
3586,أَحَدُهُمَا,3
3587,الطَّيْرُ,3
3588,بِتَأْوِيلِهِ,3
3589,طَعَامٌ,3
3590,سَبْعٌ,3
3591,خُضْرٍ,3
3592,مُنْكِرُونَ,3
3593,انْقَلَبُوا,3
3594,بَابٍ,3
3595,الْمُتَوَكِّلُونَ,3
3596,حَاجَةً,3
3597,الْمَلِكِ,3
3598,وَلِمَنْ,3
3599,عَلِمْتُمْ,3
3600,جَزَاؤُهُ,3
3601,ارْجِعُوا,3
3602,حَافِظِينَ,3
3603,كَظِيمٌ,3
3604,يَجْزِي,3
3605,وَجْهِهِ,3
3606,أَدْعُو,3
3607,عَمَدٍ,3
3608,تَرَوْنَهَا,3
3609,أَعْنَاقِهِمْ,3
3610,وَيَسْتَعْجِلُونَكَ,3
3611,الْحَسَنَةِ,3
3612,مَرَدَّ,3
3613,يَسْجُدُ,3
3614,جَعَلُوا,3
3615,يَضْرِبُ,3
3616,وَيَخَافُونَ,3
3617,السَّيِّئَةَ,3
3618,يَدْخُلُونَهَا,3
3619,أَنَابَ,3
3620,بِذِكْرِ,3
3621,بِالرَّحْمَنِ,3
3622,عِقَابِ,3
3623,مَكْرُهُمْ,3
3624,وَاقٍ,3
3625,وُعِدَ,3
3626,الْكُفَّارُ,3
3627,لَشَدِيدٌ,3
3628,ذُنُوبِكُمْ,3
3629,أَرْضِنَا,3
3630,فَأَوْحَى,3
3631,وَعِيدِ,3
3632,كَلِمَةً,3
3633,فَاجْعَلْ,3
3634,إِسْمَاعِيلَ,3
3635,يَعْمَلُ,3
3636,يُؤَخِّرُهُمْ,3
3637,مُهْطِعِينَ,3
3638,رُءُوسِهِمْ,3
3639,مَكَرُوا,3
3640,مُقَرَّنِينَ,3
3641,الذِّكْرُ,3
3642,لَمَجْنُونٌ,3
3643,لَقَالُوا,3
3644,وَأَنْبَتْنَا,3
3645,نُحْيِي,3
3646,حَمَإٍ,3
3647,مَسْنُونٍ,3
3648,أَجْمَعُونَ,3
3649,إِبْلِيسُ,3
3650,عِبَادَكَ,3
3651,جِئْنَاكَ,3
3652,مَتَّعْنَا,3
3653,وَاخْفِضْ,3
3654,جَنَاحَكَ,3
3655,أَنَّكَ,3
3656,تَعَالَى,3
3657,تَمِيدَ,3
3658,تُسِرُّونَ,3
3659,تُعْلِنُونَ,3
3660,الْمُتَكَبِّرِينَ,3
3661,ظُلِمُوا,3
3662,يَخْسِفَ,3
3663,لِيَكْفُرُوا,3
3664,وَيَجْعَلُونَ,3
3665,بُشِّرَ,3
3666,لِلشَّارِبِينَ,3
3667,رَبِّكِ,3
3668,مُخْتَلِفٌ,3
3669,يَعْلَمَ,3
3670,وَمَتَاعًا,3
3671,يُسْتَعْتَبُونَ,3
3672,نَدْعُو,3
3673,يُفْسِدُونَ,3
3674,وَنَزَّلْنَا,3
3675,وَالْمُنْكَرِ,3
3676,بِأَحْسَنِ,3
3677,وَلَنَجْزِيَنَّهُمْ,3
3678,الْكَاذِبُونَ,3
3679,قَرْيَةً,3
3680,وَجَعَلْنَاهُ,3
3681,دُونِي,3
3682,حَمَلْنَا,3
3683,عُلُوًّا,3
3684,بَأْسٍ,3
3685,مُبْصِرَةً,3
3686,اقْرَأْ,3
3687,الْعَاجِلَةَ,3
3688,أُفٍّ,3
3689,الذُّلِّ,3
3690,أَوْحَى,3
3691,صَرَّفْنَا,3
3692,حَلِيمًا,3
3693,مَسْحُورًا,3
3694,تَحْوِيلًا,3
3695,الرُّؤْيَا,3
3696,خَسَارًا,3
3697,أَنْعَمْنَا,3
3698,الرُّوحُ,3
3699,فَأَبَى,3
3700,كُفُورًا,3
3701,الرَّحْمَنَ,3
3702,تَدْعُوا,3
3703,عَدَدًا,3
3704,فِرَارًا,3
3705,كَلْبُهُمْ,3
3706,ثَلَاثَ,3
3707,تُرِيدُ,3
3708,كَالْمُهْلِ,3
3709,يُحَلَّوْنَ,3
3710,سُنْدُسٍ,3
3711,وَاضْرِبْ,3
3712,زَرْعًا,3
3713,وَفَجَّرْنَا,3
3714,أَظُنُّ,3
3715,قَائِمَةً,3
3716,وَخَيْرٌ,3
3717,مُشْفِقِينَ,3
3718,مَالِ,3
3719,سَتَجِدُنِي,3
3720,فَانْطَلَقَا,3
3721,نُكْرًا,3
3722,الْقَرْنَيْنِ,3
3723,عَيْنٍ,3
3724,وَوَجَدَ,3
3725,نَجْعَلْ,3
3726,نَجْعَلُ,3
3727,سَدًّا,3
3728,جَمْعًا,3
3729,شَقِيًّا,3
3730,وَكَانَتِ,3
3731,فَخَرَجَ,3
3732,تَقِيًّا,3
3733,جَبَّارًا,3
3734,وَسَلَامٌ,3
3735,رَبُّكِ,3
3736,إِلَيْكِ,3
3737,سَوْءٍ,3
3738,بِالصَّلَاةِ,3
3739,وَإِلَيْنَا,3
3740,تَنْتَهِ,3
3741,عِبَادَهُ,3
3742,لَغْوًا,3
3743,وَاصْطَبِرْ,3
3744,فَرْدًا,3
3745,تَكَادُ,3
3746,دَعَوْا,3
3747,تَسْمَعُ,3
3748,تَذْكِرَةً,3
3749,وَهَلْ,3
3750,لِأَهْلِهِ,3
3751,آنَسْتُ,3
3752,بِالْوَادِ,3
3753,تَسْعَى,3
3754,وَلِيَ,3
3755,تَخْرُجْ,3
3756,أَدُلُّكُمْ,3
3757,تَقَرَّ,3
3758,فَقُولَا,3
3759,لَعَلَّهُ,3
3760,وَبَيْنَكَ,3
3761,خَابَ,3
3762,كَيْدُ,3
3763,بِعِبَادِي,3
3764,وَلَكِنَّا,3
3765,يَرْجِعُ,3
3766,هَارُونُ,3
3767,تَنْفَعُ,3
3768,الشَّفَاعَةُ,3
3769,مَسَاكِنِهِمْ,3
3770,أَهْلَكَ,3
3771,فَسَتَعْلَمُونَ,3
3772,الصِّرَاطِ,3
3773,فَسُبْحَانَ,3
3774,يُسْأَلُ,3
3775,فَاعْبُدُونِ,3
3776,مُكْرَمُونَ,3
3777,ارْتَضَى,3
3778,فَذَلِكَ,3
3779,آلِهَتَكُمْ,3
3780,وَآبَاءَهُمْ,3
3781,الدُّعَاءَ,3
3782,عَابِدِينَ,3
3783,يُقَالُ,3
3784,الْكَرْبِ,3
3785,وَالطَّيْرَ,3
3786,وَذَا,3
3787,الْوَارِثِينَ,3
3788,وَجَعَلْنَاهَا,3
3789,الْبَعْثِ,3
3790,يَفْصِلُ,3
3791,وَالشَّمْسُ,3
3792,وَالْجِبَالُ,3
3793,نُذِقْهُ,3
3794,جَعَلْنَاهَا,3
3795,كَفُورٍ,3
3796,أُخْرِجُوا,3
3797,لَقَوِيٌّ,3
3798,يُكَذِّبُوكَ,3
3799,وَثَمُودُ,3
3800,مُعَاجِزِينَ,3
3801,يُلْقِي,3
3802,لَعَلَى,3
3803,لِيَكُونَ,3
3804,أَزْوَاجِهِمْ,3
3805,مَكِينٍ,3
3806,لَقَادِرُونَ,3
3807,جِنَّةٌ,3
3808,انْصُرْنِي,3
3809,كَذَّبُونِ,3
3810,أَنْشَأْنَا,3
3811,فَجَعَلْنَاهُمْ,3
3812,وَقُلُوبُهُمْ,3
3813,يَنْطِقُ,3
3814,وَآبَاؤُنَا,3
3815,وَرَائِهِمْ,3
3816,نُفِخَ,3
3817,يَرْمُونَ,3
3818,أَبْنَاءِ,3
3819,أَيُّهَ,3
3820,مُبَيِّنَاتٍ,3
3821,كَأَنَّهَا,3
3822,نُورٍ,3
3823,مَوْجٌ,3
3824,يَضَعْنَ,3
3825,نُشُورًا,3
3826,يُلْقَى,3
3827,فَجَعَلْنَاهُ,3
3828,مُسْتَقَرًّا,3
3829,وَقَوْمَ,3
3830,ضَرَبْنَا,3
3831,بَلْدَةً,3
3832,فَجَعَلَهُ,3
3833,سِرَاجًا,3
3834,مَرُّوا,3
3835,نَشَأْ,3
3836,آبَائِكُمُ,3
3837,سَيَهْدِينِ,3
3838,ثَمَّ,3
3839,بِقَلْبٍ,3
3840,الْجَحِيمُ,3
3841,وَنَجِّنِي,3
3842,الْمَشْحُونِ,3
3843,بِمُعَذَّبِينَ,3
3844,وَتَذَرُونَ,3
3845,تَنَزَّلُ,3
3846,وَلَّى,3
3847,يُوزَعُونَ,3
3848,أُلْقِيَ,3
3849,وَفِرْعَوْنَ,3
3850,أُمِّ,3
3851,شِيعَتِهِ,3
3852,إِلَهِ,3
3853,فَأَخَذْنَاهُ,3
3854,أَعْرَضُوا,3
3855,الدَّارَ,3
3856,يَعْلَمْ,3
3857,لَيْتَ,3
3858,يُلَقَّاهَا,3
3859,وَلَيَعْلَمَنَّ,3
3860,حَسِبَ,3
3861,وَوَصَّيْنَا,3
3862,صُدُورِ,3
3863,يُبْدِئُ,3
3864,النَّشْأَةَ,3
3865,الْآخِرَ,3
3866,يَجْحَدُ,3
3867,خَلْقُ,3
3868,ضُرٌّ,3
3869,كُفْرُهُ,3
3870,مُصْفَرًّا,3
3871,فَبَشِّرْهُ,3
3872,الْغَرُورُ,3
3873,يَعْرُجُ,3
3874,مَهِينٍ,3
3875,مُنْتَقِمُونَ,3
3876,آبَاءَهُمْ,3
3877,فَأَحْبَطَ,3
3878,أُسْوَةٌ,3
3879,زَادَهُمْ,3
3880,شَاهِدًا,3
3881,وَمُبَشِّرًا,3
3882,أَفَاءَ,3
3883,يُدْرِيكَ,3
3884,لَعَلَّ,3
3885,مُنِيبٍ,3
3886,وَقَلِيلٌ,3
3887,جَنَّتَانِ,3
3888,أَوْلَادُكُمْ,3
3889,عَمَلِهِ,3
3890,مَقْتًا,3
3891,جَمِيعٌ,3
3892,وَآيَةٌ,3
3893,الْأَجْدَاثِ,3
3894,بِقَادِرٍ,3
3895,أَهُمْ,3
3896,خَلَقْنَاهُمْ,3
3897,وَصَدَّقَ,3
3898,مَعِينٍ,3
3899,قَاصِرَاتُ,3
3900,الطَّرْفِ,3
3901,مُنْذِرِينَ,3
3902,النُّجُومِ,3
3903,فَرَاغَ,3
3904,فَكَفَرُوا,3
3905,فَتَوَلَّ,3
3906,عَبْدَنَا,3
3907,خَلَقْتُ,3
3908,مُخْلِصًا,3
3909,حُطَامًا,3
3910,جَاءُوهَا,3
3911,خَزَنَتُهَا,3
3912,خَاشِعَةً,3
3913,مُصِيبَةٍ,3
3914,الْجَوَارِ,3
3915,بِذَلِكَ,3
3916,يَضْحَكُونَ,3
3917,يُلَاقُوا,3
3918,يَوْمَهُمُ,3
3919,النُّذُرُ,3
3920,يَغْفِرْ,3
3921,وَأَنْهَارٌ,3
3922,حَمِيمًا,3
3923,فَأَوْلَى,3
3924,لِتُؤْمِنُوا,3
3925,فَأَصْلِحُوا,3
3926,مُعْتَدٍ,3
3927,لَوَاقِعٌ,3
3928,لِحُكْمِ,3
3929,الْبَصَرُ,3
3930,أَفَرَأَيْتُمُ,3
3931,وَالْأُولَى,3
3932,بِالْحُسْنَى,3
3933,الذَّكَرَ,3
3934,يَخْرُجُونَ,3
3935,بِالنُّذُرِ,3
3936,سَيَعْلَمُونَ,3
3937,سَقَرَ,3
3938,عَلَّمَ,3
3939,إِنْسٌ,3
3940,الْمَيْمَنَةِ,3
3941,الْمَشْأَمَةِ,3
3942,سَبَّحَ,3
3943,مِسْكِينًا,3
3944,الْحَاقَّةُ,3
3945,الْجَحِيمَ,3
3946,طَعَامِ,3
3947,الْمِسْكِينِ,3
3948,بِقَوْلِ,3
3949,مَالُهُ,3
3950,قَدَّرَ,3
3951,لِلْبَشَرِ,3
3952,وَالْقَمَرِ,3
3953,الْأَبْرَارَ,3
3954,بِالدِّينِ,3
3955,الْيَتِيمَ,3
3956,الْبَلَدِ,3
3957,يَرَهُ,3
3958,الْقَدْرِ,3
3959,الْقَارِعَةُ,3
3960,وَيُقِيمُونَ,2
3961,أَأَنْذَرْتَهُمْ,2
3962,تُنْذِرْهُمْ,2
3963,أَبْصَارِهِمْ,2
3964,يُخَادِعُونَ,2
3965,يَكْذِبُونَ,2
3966,مُصْلِحُونَ,2
3967,لَقُوا,2
3968,مَثَلُهُمْ,2
3969,ظُلُمَاتٍ,2
3970,بُكْمٌ,2
3971,عُمْيٌ,2
3972,ظُلُمَاتٌ,2
3973,يَجْعَلُونَ,2
3974,أَصَابِعَهُمْ,2
3975,حَذَرَ,2
3976,أَبْصَارَهُمْ,2
3977,أَظْلَمَ,2
3978,لَذَهَبَ,2
3979,وَأَبْصَارِهِمْ,2
3980,بِنَاءً,2
3981,رَيْبٍ,2
3982,عَبْدِنَا,2
3983,بِسُورَةٍ,2
3984,وَقُودُهَا,2
3985,وَالْحِجَارَةُ,2
3986,يَسْتَحْيِي,2
3987,عَهْدَ,2
3988,مِيثَاقِهِ,2
3989,وَيَقْطَعُونَ,2
3990,وَيُفْسِدُونَ,2
3991,أَمْوَاتًا,2
3992,خَلِيفَةً,2
3993,بِأَسْمَائِهِمْ,2
3994,غَيْبَ,2
3995,اسْكُنْ,2
3996,وَزَوْجُكَ,2
3997,شِئْتُمَا,2
3998,تَقْرَبَا,2
3999,فَتَكُونَا,2
4000,كَانَا,2
4001,تَبِعَ,2
4002,هُدَايَ,2
4003,فَارْهَبُونِ,2
4004,الرَّاكِعِينَ,2
4005,بِالْبِرِّ,2
4006,وَتَنْسَوْنَ,2
4007,وَإِنَّهَا,2
4008,وَأَنِّي,2
4009,فَضَّلْتُكُمْ,2
4010,تَجْزِي,2
4011,يُقْبَلُ,2
4012,يُؤْخَذُ,2
4013,عَدْلٌ,2
4014,اتَّخَذْتُمُ,2
4015,ظَلَمْتُمْ,2
4016,بَارِئِكُمْ,2
4017,فَاقْتُلُوا,2
4018,وَظَلَّلْنَا,2
4019,الْغَمَامَ,2
4020,ظَلَمُونَا,2
4021,حِطَّةٌ,2
4022,نَغْفِرْ,2
4023,خَطَايَاكُمْ,2
4024,فَبَدَّلَ,2
4025,الْحَجَرَ,2
4026,اثْنَتَا,2
4027,مَشْرَبَهُمْ,2
4028,رِزْقِ,2
4029,طَعَامٍ,2
4030,فَادْعُ,2
4031,تُنْبِتُ,2
4032,وَضُرِبَتْ,2
4033,الذِّلَّةُ,2
4034,وَبَاءُوا,2
4035,وَالصَّابِئِينَ,2
4036,فَوْقَكُمُ,2
4037,عَلِمْتُمُ,2
4038,قِرَدَةً,2
4039,خَاسِئِينَ,2
4040,فَجَعَلْنَاهَا,2
4041,نَكَالًا,2
4042,تُؤْمَرُونَ,2
4043,لَوْنُهَا,2
4044,تَشَابَهَ,2
4045,لَمُهْتَدُونَ,2
4046,الْحَرْثَ,2
4047,مُخْرِجٌ,2
4048,وَيُرِيكُمْ,2
4049,قَسَتْ,2
4050,خَلَا,2
4051,تَمَسَّنَا,2
4052,يُخْلِفَ,2
4053,تَشْهَدُونَ,2
4054,يُرَدُّونَ,2
4055,وَأَيَّدْنَاهُ,2
4056,كَذَّبْتُمْ,2
4057,غُلْفٌ,2
4058,عَرَفُوا,2
4059,اشْتَرَوْا,2
4060,أَنْبِيَاءَ,2
4061,وَعَصَيْنَا,2
4062,الدَّارُ,2
4063,فَتَمَنَّوُا,2
4064,يُعَمَّرُ,2
4065,نَزَّلَهُ,2
4066,الْمَرْءِ,2
4067,اشْتَرَاهُ,2
4068,خَلَاقٍ,2
4069,يُنَزَّلَ,2
4070,يَخْتَصُّ,2
4071,بِرَحْمَتِهِ,2
4072,وَدَّ,2
4073,تَجِدُوهُ,2
4074,أَجْرُهُ,2
4075,لَيْسَتِ,2
4076,قَوْلِهِمْ,2
4077,وَسَعَى,2
4078,يَدْخُلُوهَا,2
4079,الْمَشْرِقُ,2
4080,وَالْمَغْرِبُ,2
4081,قَانِتُونَ,2
4082,بَدِيعُ,2
4083,تَرْضَى,2
4084,لِلطَّائِفِينَ,2
4085,وَالرُّكَّعِ,2
4086,وَاجْعَلْنَا,2
4087,وَابْعَثْ,2
4088,أَسْلَمْتُ,2
4089,تَمُوتُنَّ,2
4090,تَهْتَدُوا,2
4091,قُولُوا,2
4092,النَّبِيُّونَ,2
4093,جَعَلْنَاكُمْ,2
4094,لِتَكُونُوا,2
4095,قِبْلَةً,2
4096,وَحَيْثُ,2
4097,فَوَلُّوا,2
4098,شَطْرَهُ,2
4099,بِتَابِعٍ,2
4100,يَعْرِفُونَهُ,2
4101,فَاسْتَبِقُوا,2
4102,خَرَجْتَ,2
4103,حُجَّةٌ,2
4104,تَخْشَوْهُمْ,2
4105,وَيُعَلِّمُكُمُ,2
4106,اسْتَعِينُوا,2
4107,أَمْوَاتٌ,2
4108,أَحْيَاءٌ,2
4109,وَلَنَبْلُوَنَّكُمْ,2
4110,الْخَوْفِ,2
4111,وَنَقْصٍ,2
4112,أَصَابَتْهُمْ,2
4113,شَعَائِرِ,2
4114,تَطَوَّعَ,2
4115,وَإِلَهُكُمْ,2
4116,وَتَصْرِيفِ,2
4117,الرِّيَاحِ,2
4118,يَتَّخِذُ,2
4119,تَبَرَّأَ,2
4120,وَرَأَوُا,2
4121,حَسَرَاتٍ,2
4122,بِخَارِجِينَ,2
4123,الْمَيْتَةَ,2
4124,وَلَحْمَ,2
4125,يُكَلِّمُهُمُ,2
4126,يُزَكِّيهِمْ,2
4127,قِبَلَ,2
4128,الْمَالَ,2
4129,حُبِّهِ,2
4130,وَالْمَسَاكِينَ,2
4131,وَأَقَامَ,2
4132,بِالْأُنْثَى,2
4133,فَعِدَّةٌ,2
4134,أُخَرَ,2
4135,فِدْيَةٌ,2
4136,مِنْكُمُ,2
4137,الشَّهْرَ,2
4138,الْعِدَّةَ,2
4139,فَلْيَسْتَجِيبُوا,2
4140,لِبَاسٌ,2
4141,عَاكِفُونَ,2
4142,لِتَأْكُلُوا,2
4143,أَمْوَالِ,2
4144,الْبُيُوتَ,2
4145,ثَقِفْتُمُوهُمْ,2
4146,وَالْفِتْنَةُ,2
4147,قَاتَلُوكُمْ,2
4148,وَقَاتِلُوهُمْ,2
4149,عُدْوَانَ,2
4150,قِصَاصٌ,2
4151,بِأَيْدِيكُمْ,2
4152,الْحَجَّ,2
4153,اسْتَيْسَرَ,2
4154,الْهَدْيِ,2
4155,رُءُوسَكُمْ,2
4156,مَحِلَّهُ,2
4157,صَدَقَةٍ,2
4158,ثَلَاثَةِ,2
4159,رَجَعْتُمْ,2
4160,يَعْلَمْهُ,2
4161,تَبْتَغُوا,2
4162,أَفَضْتُمْ,2
4163,أَفِيضُوا,2
4164,وَقِنَا,2
4165,تَأَخَّرَ,2
4166,قَوْلُهُ,2
4167,قَلْبِهِ,2
4168,الْخِصَامِ,2
4169,اتَّقِ,2
4170,أَخَذَتْهُ,2
4171,وَيَسْخَرُونَ,2
4172,فَبَعَثَ,2
4173,مَعَهُمُ,2
4174,اخْتَلَفَ,2
4175,وَزُلْزِلُوا,2
4176,نَصْرَ,2
4177,وَعَسَى,2
4178,تَكْرَهُوا,2
4179,وَالْمَسْجِدِ,2
4180,يَزَالُونَ,2
4181,دِينِهِ,2
4182,كَافِرٌ,2
4183,الْخَمْرِ,2
4184,وَالْمَيْسِرِ,2
4185,إِثْمٌ,2
4186,الْعَفْوَ,2
4187,يُؤْمِنَّ,2
4188,أَعْجَبَتْكُمْ,2
4189,وَيُبَيِّنُ,2
4190,يُؤَاخِذُكُمُ,2
4191,يُؤَاخِذُكُمْ,2
4192,أَرْبَعَةِ,2
4193,يَتَرَبَّصْنَ,2
4194,بِأَنْفُسِهِنَّ,2
4195,إِصْلَاحًا,2
4196,وَلَهُنَّ,2
4197,تَأْخُذُوا,2
4198,يَتَعَدَّ,2
4199,طَلَّقَهَا,2
4200,غَيْرَهُ,2
4201,فَبَلَغْنَ,2
4202,ضِرَارًا,2
4203,وَالْحِكْمَةِ,2
4204,تَعْضُلُوهُنَّ,2
4205,يُوعَظُ,2
4206,وَأَطْهَرُ,2
4207,أَوْلَادَهُنَّ,2
4208,يُتِمَّ,2
4209,تُكَلَّفُ,2
4210,مَوْلُودٌ,2
4211,تَرَاضٍ,2
4212,أَرَدْتُمْ,2
4213,يُتَوَفَّوْنَ,2
4214,أَرْبَعَةَ,2
4215,بَلَغْنَ,2
4216,فَعَلْنَ,2
4217,أَنْفُسِهِنَّ,2
4218,النِّكَاحِ,2
4219,قَدَرُهُ,2
4220,طَلَّقْتُمُوهُنَّ,2
4221,فَرَضْتُمْ,2
4222,يَعْفُوَ,2
4223,وَصِيَّةً,2
4224,مُوتُوا,2
4225,يُقْرِضُ,2
4226,فَيُضَاعِفَهُ,2
4227,أَضْعَافًا,2
4228,الْمَلَإِ,2
4229,مَلِكًا,2
4230,عَسَيْتُمْ,2
4231,تُقَاتِلُوا,2
4232,نَبِيُّهُمْ,2
4233,يُؤْتَ,2
4234,بَسْطَةً,2
4235,مُلْكَهُ,2
4236,آلُ,2
4237,تَحْمِلُهُ,2
4238,طَاقَةَ,2
4239,وَجُنُودِهِ,2
4240,غَلَبَتْ,2
4241,فِئَةً,2
4242,بَرَزُوا,2
4243,أَفْرِغْ,2
4244,وَثَبِّتْ,2
4245,أَقْدَامَنَا,2
4246,وَانْصُرْنَا,2
4247,دَفْعُ,2
4248,لَفَسَدَتِ,2
4249,وَلَكِنِ,2
4250,اقْتَتَلُوا,2
4251,الْقَيُّومُ,2
4252,يُحِيطُونَ,2
4253,اسْتَمْسَكَ,2
4254,بِالْعُرْوَةِ,2
4255,الْوُثْقَى,2
4256,آتَاهُ,2
4257,لَبِثْتَ,2
4258,لَبِثْتُ,2
4259,أَرِنِي,2
4260,تُؤْمِنْ,2
4261,أَرْبَعَةً,2
4262,جُزْءًا,2
4263,مَنًّا,2
4264,مَعْرُوفٌ,2
4265,تُبْطِلُوا,2
4266,رِئَاءَ,2
4267,فَمَثَلُهُ,2
4268,أَحَدُكُمْ,2
4269,ذُرِّيَّةٌ,2
4270,أَخْرَجْنَا,2
4271,تُنْفِقُونَ,2
4272,يَعِدُكُمُ,2
4273,يَعِدُكُمْ,2
4274,هُدَاهُمْ,2
4275,يُوَفَّ,2
4276,ضَرْبًا,2
4277,الْبَيْعَ,2
4278,مَوْعِظَةٌ,2
4279,كَفَّارٍ,2
4280,تُبْتُمْ,2
4281,فَلَكُمْ,2
4282,رُءُوسُ,2
4283,تُوَفَّى,2
4284,يَأْبَ,2
4285,وَلْيَتَّقِ,2
4286,يَسْتَطِيعُ,2
4287,رِجَالِكُمْ,2
4288,صَغِيرًا,2
4289,أَقْسَطُ,2
4290,وَأَقْوَمُ,2
4291,وَأَشْهِدُوا,2
4292,الشَّهَادَةَ,2
4293,رُسُلِهِ,2
4294,يُكَلِّفُ,2
4295,تَحْمِلْ,2
4296,قَبْلِنَا,2
4297,مَوْلَانَا,2
4298,أُمُّ,2
4299,فَيَتَّبِعُونَ,2
4300,وَابْتِغَاءَ,2
4301,تَأْوِيلَهُ,2
4302,وَهَبْ,2
4303,الْوَهَّابُ,2
4304,جَامِعُ,2
4305,فِئَتَيْنِ,2
4306,فِئَةٌ,2
4307,حُسْنُ,2
4308,وَالصَّادِقِينَ,2
4309,وَالْقَانِتِينَ,2
4310,وَجْهِيَ,2
4311,يُدْعَوْنَ,2
4312,وَوُفِّيَتْ,2
4313,تُؤْتِي,2
4314,بِيَدِكَ,2
4315,الْخَيْرُ,2
4316,وَتُخْرِجُ,2
4317,يَتَّخِذِ,2
4318,تَتَّقُوا,2
4319,وَيُحَذِّرُكُمُ,2
4320,بَيْنَهَا,2
4321,فَاتَّبِعُونِي,2
4322,وَآلَ,2
4323,بَعْضُهَا,2
4324,نَذَرْتُ,2
4325,الذَّكَرُ,2
4326,الرَّجِيمِ,2
4327,نَبَاتًا,2
4328,دَخَلَ,2
4329,الْمِحْرَابَ,2
4330,لَكِ,2
4331,الدُّعَاءِ,2
4332,يُصَلِّي,2
4333,الْمِحْرَابِ,2
4334,بِكَلِمَةٍ,2
4335,آيَتُكَ,2
4336,تُكَلِّمَ,2
4337,وَالْإِبْكَارِ,2
4338,نُوحِيهِ,2
4339,يُلْقُونَ,2
4340,وَجِيهًا,2
4341,وَكَهْلًا,2
4342,يَمْسَسْنِي,2
4343,وَالتَّوْرَاةَ,2
4344,كَهَيْئَةِ,2
4345,الْأَكْمَهَ,2
4346,وَالْأَبْرَصَ,2
4347,وَمُصَدِّقًا,2
4348,يَدَيَّ,2
4349,أَنْصَارِي,2
4350,أَنْصَارُ,2
4351,وَاشْهَدْ,2
4352,بِأَنَّا,2
4353,أَنْزَلْتَ,2
4354,فَاكْتُبْنَا,2
4355,الْمَاكِرِينَ,2
4356,فَيُوَفِّيهِمْ,2
4357,مَثَلَ,2
4358,لَعْنَتَ,2
4359,بِالْمُفْسِدِينَ,2
4360,كَلِمَةٍ,2
4361,فَقُولُوا,2
4362,تُحَاجُّونَ,2
4363,مُسْلِمًا,2
4364,يُضِلُّونَ,2
4365,يُؤْتَى,2
4366,بِيَدِ,2
4367,تَأْمَنْهُ,2
4368,يُؤَدِّهِ,2
4369,الْأُمِّيِّينَ,2
4370,بِعَهْدِهِ,2
4371,وَاتَّقَى,2
4372,عِبَادًا,2
4373,تَدْرُسُونَ,2
4374,وَكَرْهًا,2
4375,الْإِسْلَامِ,2
4376,يُقْبَلَ,2
4377,وَجَاءَهُمُ,2
4378,ازْدَادُوا,2
4379,تُقْبَلَ,2
4380,أَحَدِهِمْ,2
4381,تُنَزَّلَ,2
4382,صَدَقَ,2
4383,بَيِّنَاتٌ,2
4384,شُهَدَاءُ,2
4385,وَفِيكُمْ,2
4386,وَاعْتَصِمُوا,2
4387,فَأَصْبَحْتُمْ,2
4388,إِخْوَانًا,2
4389,شَفَا,2
4390,وَتُؤْمِنُونَ,2
4391,وَأَكْثَرُهُمُ,2
4392,ثُقِفُوا,2
4393,لَيْسُوا,2
4394,قَائِمَةٌ,2
4395,آنَاءَ,2
4396,يَفْعَلُوا,2
4397,بِالْمُتَّقِينَ,2
4398,ظَلَمَهُمُ,2
4399,خَبَالًا,2
4400,عَنِتُّمْ,2
4401,تُخْفِي,2
4402,أُولَاءِ,2
4403,الْغَيْظِ,2
4404,تَسُؤْهُمْ,2
4405,كَيْدُهُمْ,2
4406,أَهْلِكَ,2
4407,مَقَاعِدَ,2
4408,هَمَّتْ,2
4409,طَائِفَتَانِ,2
4410,نَصَرَكُمُ,2
4411,آلَافٍ,2
4412,وَلِتَطْمَئِنَّ,2
4413,يُعَذِّبَهُمْ,2
4414,وَجَنَّةٍ,2
4415,عَرْضُهَا,2
4416,فَاسْتَغْفَرُوا,2
4417,الذُّنُوبَ,2
4418,وَجَنَّاتٌ,2
4419,فَسِيرُوا,2
4420,وَمَوْعِظَةٌ,2
4421,الْأَعْلَوْنَ,2
4422,قَرْحٌ,2
4423,وَلِيُمَحِّصَ,2
4424,وَيَعْلَمَ,2
4425,أَفَإِنْ,2
4426,مَاتَ,2
4427,انْقَلَبْتُمْ,2
4428,يَنْقَلِبْ,2
4429,اسْتَكَانُوا,2
4430,فَتَنْقَلِبُوا,2
4431,سَنُلْقِي,2
4432,وَمَأْوَاهُمُ,2
4433,وَالرَّسُولُ,2
4434,أَمَنَةً,2
4435,يُخْفُونَ,2
4436,قُتِلْتُمْ,2
4437,مُتُّمْ,2
4438,لَإِلَى,2
4439,فَاعْفُ,2
4440,فَتَوَكَّلْ,2
4441,غَالِبَ,2
4442,يَنْصُرُكُمْ,2
4443,رِضْوَانَ,2
4444,بَاءَ,2
4445,أَصَابَتْكُمْ,2
4446,فَبِإِذْنِ,2
4447,نَافَقُوا,2
4448,يُرْزَقُونَ,2
4449,يَلْحَقُوا,2
4450,بِنِعْمَةٍ,2
4451,أَصَابَهُمُ,2
4452,يُخَوِّفُ,2
4453,أَوْلِيَاءَهُ,2
4454,نُمْلِي,2
4455,لِيَزْدَادُوا,2
4456,يَجْتَبِي,2
4457,بَخِلُوا,2
4458,مِيرَاثُ,2
4459,سَمِعَ,2
4460,فَقِيرٌ,2
4461,أَغْنِيَاءُ,2
4462,سَنَكْتُبُ,2
4463,وَنَقُولُ,2
4464,وَالزُّبُرِ,2
4465,الْمُنِيرِ,2
4466,أُجُورَكُمْ,2
4467,وَأُدْخِلَ,2
4468,فَازَ,2
4469,الْغُرُورِ,2
4470,يَفْرَحُونَ,2
4471,وَقُعُودًا,2
4472,خَلَقْتَ,2
4473,بَاطِلًا,2
4474,فَآمَنَّا,2
4475,وَتَوَفَّنَا,2
4476,الْأَبْرَارِ,2
4477,عَمَلَ,2
4478,وَأُوذُوا,2
4479,وَقَاتَلُوا,2
4480,لَأُكَفِّرَنَّ,2
4481,وَنِسَاءً,2
4482,رَقِيبًا,2
4483,وَثُلَاثَ,2
4484,وَرُبَاعَ,2
4485,بَلَغُوا,2
4486,رُشْدًا,2
4487,فَقِيرًا,2
4488,لِلرِّجَالِ,2
4489,وَلِلنِّسَاءِ,2
4490,مَفْرُوضًا,2
4491,تَرَكُوا,2
4492,سَدِيدًا,2
4493,حَظِّ,2
4494,فَلَهُنَّ,2
4495,أَبَوَاهُ,2
4496,فَلِأُمِّهِ,2
4497,إِخْوَةٌ,2
4498,وَأَبْنَاؤُكُمْ,2
4499,الرُّبُعُ,2
4500,تَرَكْتُمْ,2
4501,امْرَأَةٌ,2
4502,أَخٌ,2
4503,أُخْتٌ,2
4504,وَاللَّاتِي,2
4505,شَهِدُوا,2
4506,الْبُيُوتِ,2
4507,فَأَعْرِضُوا,2
4508,التَّوْبَةُ,2
4509,أَحَدَهُمُ,2
4510,وَيَجْعَلَ,2
4511,وَأَخَوَاتُكُمْ,2
4512,وَبَنَاتُ,2
4513,مُحْصِنِينَ,2
4514,مُسَافِحِينَ,2
4515,فَآتُوهُنَّ,2
4516,يَسْتَطِعْ,2
4517,أَخْدَانٍ,2
4518,وَيَهْدِيَكُمْ,2
4519,وَيَتُوبَ,2
4520,تَمِيلُوا,2
4521,مُدْخَلًا,2
4522,اكْتَسَبُوا,2
4523,وَاسْأَلُوا,2
4524,نَصِيبَهُمْ,2
4525,لِلْغَيْبِ,2
4526,الْمَضَاجِعِ,2
4527,بَيْنِهِمَا,2
4528,فَابْعَثُوا,2
4529,حَكَمًا,2
4530,وَالْجَارِ,2
4531,بِالْبُخْلِ,2
4532,بِالْيَوْمِ,2
4533,قَرِينًا,2
4534,رَزَقَهُمُ,2
4535,وَيُؤْتِ,2
4536,لَدُنْهُ,2
4537,سُكَارَى,2
4538,جُنُبًا,2
4539,الْغَائِطِ,2
4540,لَامَسْتُمُ,2
4541,فَتَيَمَّمُوا,2
4542,فَامْسَحُوا,2
4543,بِوُجُوهِكُمْ,2
4544,وَأَيْدِيكُمْ,2
4545,تَضِلُّوا,2
4546,وَاسْمَعْ,2
4547,بِأَلْسِنَتِهِمْ,2
4548,يُشْرَكَ,2
4549,يُزَكِّي,2
4550,نَقِيرًا,2
4551,مُلْكًا,2
4552,بِجَهَنَّمَ,2
4553,جُلُودُهُمْ,2
4554,سَنُدْخِلُهُمْ,2
4555,تَأْوِيلًا,2
4556,الطَّاغُوتِ,2
4557,لَوَجَدُوا,2
4558,حَرَجًا,2
4559,تَسْلِيمًا,2
4560,وَأَشَدَّ,2
4561,وَالشُّهَدَاءِ,2
4562,وَالصَّالِحِينَ,2
4563,حِذْرَكُمْ,2
4564,نُؤْتِيهِ,2
4565,تُقَاتِلُونَ,2
4566,وَالْمُسْتَضْعَفِينَ,2
4567,وَالنِّسَاءِ,2
4568,وَالْوِلْدَانِ,2
4569,أَهْلُهَا,2
4570,كَيْدَ,2
4571,الْقِتَالَ,2
4572,فَمَالِ,2
4573,يُبَيِّتُونَ,2
4574,يَتَدَبَّرُونَ,2
4575,بَأْسَ,2
4576,بَأْسًا,2
4577,يَشْفَعْ,2
4578,شَفَاعَةً,2
4579,رُدُّوهَا,2
4580,لَيَجْمَعَنَّكُمْ,2
4581,أَصْدَقُ,2
4582,أَتُرِيدُونَ,2
4583,فَخُذُوهُمْ,2
4584,وَجَدْتُمُوهُمْ,2
4585,وَأَلْقَوْا,2
4586,لِمُؤْمِنٍ,2
4587,خَطَأً,2
4588,عَدُوٍّ,2
4589,شَهْرَيْنِ,2
4590,مُتَتَابِعَيْنِ,2
4591,تَوْبَةً,2
4592,مُتَعَمِّدًا,2
4593,فَعِنْدَ,2
4594,فَمَنَّ,2
4595,ظَالِمِي,2
4596,فِيمَ,2
4597,أَرْضُ,2
4598,وَلْيَأْخُذُوا,2
4599,تَأْلَمُونَ,2
4600,أَرَاكَ,2
4601,يَسْتَخْفُونَ,2
4602,مُحِيطًا,2
4603,يَظْلِمْ,2
4604,يَكْسِبْ,2
4605,يُضِلُّوكَ,2
4606,يُشَاقِقِ,2
4607,شَيْطَانًا,2
4608,لَعَنَهُ,2
4609,وَلَآمُرَنَّهُمْ,2
4610,يَعِدُهُمُ,2
4611,يُفْتِيكُمْ,2
4612,تَنْكِحُوهُنَّ,2
4613,تَقُومُوا,2
4614,سَعَتِهِ,2
4615,وَصَّيْنَا,2
4616,ثَوَابُ,2
4617,قَوَّامِينَ,2
4618,لِيَهْدِيَهُمْ,2
4619,تَقْعُدُوا,2
4620,غَيْرِهِ,2
4621,كُسَالَى,2
4622,يُرَاءُونَ,2
4623,وَاعْتَصَمُوا,2
4624,يُؤْتِ,2
4625,شَكَرْتُمْ,2
4626,وَآمَنْتُمْ,2
4627,يُفَرِّقُوا,2
4628,يَسْأَلُكَ,2
4629,تُنَزِّلَ,2
4630,أَكْبَرَ,2
4631,أَرِنَا,2
4632,بِظُلْمِهِمْ,2
4633,نَقْضِهِمْ,2
4634,الْمَسِيحَ,2
4635,قَتَلُوهُ,2
4636,مَوْتِهِ,2
4637,أُحِلَّتْ,2
4638,وَيُونُسَ,2
4639,زَبُورًا,2
4640,وَرُسُلًا,2
4641,وَظَلَمُوا,2
4642,طَرِيقًا,2
4643,تَغْلُوا,2
4644,ثَلَاثَةٌ,2
4645,وَيَهْدِيهِمْ,2
4646,يَرِثُهَا,2
4647,الصَّيْدِ,2
4648,شَعَائِرَ,2
4649,شَنَآنُ,2
4650,وَالتَّقْوَى,2
4651,الْمَيْتَةُ,2
4652,يَئِسَ,2
4653,وَاخْشَوْنِ,2
4654,الطَّيِّبَاتُ,2
4655,وَأَيْدِيَكُمْ,2
4656,لِيُطَهِّرَكُمْ,2
4657,تَطَّلِعُ,2
4658,بَيْنَهُمُ,2
4659,رَسُولُنَا,2
4660,تُخْفُونَ,2
4661,نُورٌ,2
4662,رِضْوَانَهُ,2
4663,سُبُلَ,2
4664,يُهْلِكَ,2
4665,وَأُمَّهُ,2
4666,وَآتَاكُمْ,2
4667,جَبَّارِينَ,2
4668,نَدْخُلَهَا,2
4669,فَإِنَّكُمْ,2
4670,فَاذْهَبْ,2
4671,وَأَخِي,2
4672,سَنَةً,2
4673,تَأْسَ,2
4674,قُرْبَانًا,2
4675,نَفْسُهُ,2
4676,قَتْلَ,2
4677,فَقَتَلَهُ,2
4678,يُوَارِي,2
4679,سَوْءَةَ,2
4680,أَحْيَاهَا,2
4681,وَيَسْعَوْنَ,2
4682,وَأَرْجُلُهُمْ,2
4683,تَقْدِرُوا,2
4684,الْوَسِيلَةَ,2
4685,ظُلْمِهِ,2
4686,لِلْكَذِبِ,2
4687,فَخُذُوهُ,2
4688,حُكْمُ,2
4689,يَتَوَلَّوْنَ,2
4690,وَنُورٌ,2
4691,وَالْأَحْبَارُ,2
4692,وَكَتَبْنَا,2
4693,بِالنَّفْسِ,2
4694,كَفَّارَةٌ,2
4695,بِعِيسَى,2
4696,الْإِنْجِيلَ,2
4697,الْإِنْجِيلِ,2
4698,لِكُلٍّ,2
4699,لَجَعَلَكُمْ,2
4700,احْكُمْ,2
4701,يُصِيبَهُمْ,2
4702,الْيَهُودَ,2
4703,أَقْسَمُوا,2
4704,يَرْتَدَّ,2
4705,وَالْكُفَّارَ,2
4706,أَكْثَرَكُمْ,2
4707,بِشَرٍّ,2
4708,وَأَكْلِهِمُ,2
4709,السُّحْتَ,2
4710,الْإِثْمَ,2
4711,يَدُ,2
4712,وَلَيَزِيدَنَّ,2
4713,أَقَامُوا,2
4714,أَرْجُلِهِمْ,2
4715,رِسَالَتَهُ,2
4716,لَسْتُمْ,2
4717,يَقْتُلُونَ,2
4718,وَصَمُّوا,2
4719,وَرَبَّكُمْ,2
4720,ثَلَاثَةٍ,2
4721,يَنْتَهُوا,2
4722,أَتَعْبُدُونَ,2
4723,أَعْيُنَهُمْ,2
4724,تَفِيضُ,2
4725,الدَّمْعِ,2
4726,أَحَلَّ,2
4727,الْأَيْمَانَ,2
4728,مَسَاكِينَ,2
4729,عَمَلِ,2
4730,رَسُولِنَا,2
4731,ذَوَا,2
4732,صَيْدُ,2
4733,وَحُرِّمَ,2
4734,وَالْهَدْيَ,2
4735,أَعْجَبَكَ,2
4736,تُبْدَ,2
4737,فَيُقْسِمَانِ,2
4738,ارْتَبْتُمْ,2
4739,أَنَّهُمَا,2
4740,أَيْمَانٌ,2
4741,جِئْتَهُمْ,2
4742,مَائِدَةً,2
4743,أُعَذِّبُهُ,2
4744,أَأَنْتَ,2
4745,إِلَهَيْنِ,2
4746,أَقُولَ,2
4747,وَكُنْتُ,2
4748,دُمْتُ,2
4749,تُعَذِّبْهُمْ,2
4750,وَأَجَلٌ,2
4751,تَمْتَرُونَ,2
4752,أَنْبَاءُ,2
4753,نُمَكِّنْ,2
4754,تَحْتِهِمْ,2
4755,وَأَنْشَأْنَا,2
4756,قَرْنًا,2
4757,لَجَعَلْنَاهُ,2
4758,فَحَاقَ,2
4759,الرَّحْمَةَ,2
4760,كَاشِفَ,2
4761,الْقَاهِرُ,2
4762,وَأُوحِيَ,2
4763,نَحْشُرُهُمْ,2
4764,يَسْتَمِعُ,2
4765,يُجَادِلُونَكَ,2
4766,يُهْلِكُونَ,2
4767,وُقِفُوا,2
4768,لَيْتَنَا,2
4769,نُرَدُّ,2
4770,بَدَا,2
4771,بِمَبْعُوثِينَ,2
4772,وَرَبِّنَا,2
4773,فَرَّطْنَا,2
4774,يَحْمِلُونَ,2
4775,أَوْزَارَهُمْ,2
4776,يَزِرُونَ,2
4777,كُذِّبَتْ,2
4778,نَصْرُنَا,2
4779,نَبَإِ,2
4780,اسْتَطَعْتَ,2
4781,يَسْتَجِيبُ,2
4782,قَادِرٌ,2
4783,أَمْثَالُكُمْ,2
4784,يَشَإِ,2
4785,أَرَأَيْتَكُمْ,2
4786,بِالْبَأْسَاءِ,2
4787,يَتَضَرَّعُونَ,2
4788,أَخَذْنَاهُمْ,2
4789,وَالْحَمْدُ,2
4790,وَخَتَمَ,2
4791,يُهْلَكُ,2
4792,يَمَسُّهُمُ,2
4793,وَأَنْذِرْ,2
4794,شَفِيعٌ,2
4795,بِالْغَدَاةِ,2
4796,وَالْعَشِيِّ,2
4797,حِسَابِهِمْ,2
4798,بِأَعْلَمَ,2
4799,فَأَنَّهُ,2
4800,نُهِيتُ,2
4801,ضَلَلْتُ,2
4802,الْمُهْتَدِينَ,2
4803,يَقُصُّ,2
4804,يَعْلَمُهَا,2
4805,بِالنَّهَارِ,2
4806,يُنَبِّئُكُمْ,2
4807,مَوْلَاهُمُ,2
4808,أَسْرَعُ,2
4809,يُنَجِّيكُمْ,2
4810,وَخُفْيَةً,2
4811,فَوْقِكُمْ,2
4812,وَذَكِّرْ,2
4813,يُؤْخَذْ,2
4814,أَقِيمُوا,2
4815,أَصْنَامًا,2
4816,كَوْكَبًا,2
4817,أَفَلَ,2
4818,فَطَرَ,2
4819,أَشْرَكْتُمْ,2
4820,نَرْفَعُ,2
4821,ذُرِّيَّتِهِ,2
4822,وَزَكَرِيَّا,2
4823,وَيَحْيَى,2
4824,وَالْيَسَعَ,2
4825,ذَرْهُمْ,2
4826,أَخْرِجُوا,2
4827,جِئْتُمُونَا,2
4828,تَقَطَّعَ,2
4829,فَالِقُ,2
4830,سَكَنًا,2
4831,حُسْبَانًا,2
4832,نُخْرِجُ,2
4833,النَّخْلِ,2
4834,دَانِيَةٌ,2
4835,وَالرُّمَّانَ,2
4836,مُتَشَابِهٍ,2
4837,أَثْمَرَ,2
4838,بَنِينَ,2
4839,اللَّطِيفُ,2
4840,بِحَفِيظٍ,2
4841,اتَّبِعْ,2
4842,قُبُلًا,2
4843,لِكَلِمَاتِهِ,2
4844,سَيُجْزَوْنَ,2
4845,أَوَمَنْ,2
4846,سَيُصِيبُ,2
4847,لِلْإِسْلَامِ,2
4848,ضَيِّقًا,2
4849,اسْتَمْتَعَ,2
4850,يَقُصُّونَ,2
4851,وَيُنْذِرُونَكُمْ,2
4852,مُهْلِكَ,2
4853,لَآتٍ,2
4854,ذَرَأَ,2
4855,الْحَرْثِ,2
4856,بِزَعْمِهِمْ,2
4857,يَصِلُ,2
4858,شُرَكَائِهِمْ,2
4859,زَيَّنَ,2
4860,شُرَكَاؤُهُمْ,2
4861,وَأَنْعَامٌ,2
4862,افْتِرَاءً,2
4863,سَيَجْزِيهِمْ,2
4864,أَزْوَاجِنَا,2
4865,مَيْتَةً,2
4866,أَنْشَأَ,2
4867,مَعْرُوشَاتٍ,2
4868,وَالنَّخْلَ,2
4869,تُسْرِفُوا,2
4870,ثَمَانِيَةَ,2
4871,آلذَّكَرَيْنِ,2
4872,اشْتَمَلَتْ,2
4873,أَرْحَامُ,2
4874,بِعِلْمٍ,2
4875,الْإِبِلِ,2
4876,الْبَقَرِ,2
4877,لَحْمَ,2
4878,حَمَلَتْ,2
4879,جَزَيْنَاهُمْ,2
4880,ذَاقُوا,2
4881,لَهَدَاكُمْ,2
4882,هَلُمَّ,2
4883,إِمْلَاقٍ,2
4884,الْفَوَاحِشَ,2
4885,بَطَنَ,2
4886,مَالَ,2
4887,الْيَتِيمِ,2
4888,فَاتَّبِعُوهُ,2
4889,وَتَفْصِيلًا,2
4890,لَغَافِلِينَ,2
4891,إِيمَانُهَا,2
4892,فَرَّقُوا,2
4893,يُنَبِّئُهُمْ,2
4894,مِثْلَهَا,2
4895,هَدَانِي,2
4896,مَكَّنَّاكُمْ,2
4897,مَعَايِشَ,2
4898,تَسْجُدَ,2
4899,خَلَقْتَنِي,2
4900,وَخَلَقْتَهُ,2
4901,الصَّاغِرِينَ,2
4902,أَغْوَيْتَنِي,2
4903,وَعَنْ,2
4904,اخْرُجْ,2
4905,فَوَسْوَسَ,2
4906,سَوْآتِهِمَا,2
4907,رَبُّكُمَا,2
4908,تَكُونَا,2
4909,سَوْآتُهُمَا,2
4910,وَطَفِقَا,2
4911,يَخْصِفَانِ,2
4912,وَرَقِ,2
4913,رَبُّهُمَا,2
4914,قَالَا,2
4915,يَرَاكُمْ,2
4916,مَسْجِدٍ,2
4917,وَادْعُوهُ,2
4918,الضَّلَالَةُ,2
4919,زِينَةَ,2
4920,الرِّزْقِ,2
4921,ضِعْفًا,2
4922,غِلٍّ,2
4923,لِهَذَا,2
4924,أُورِثْتُمُوهَا,2
4925,وَجَدْتُمْ,2
4926,مُؤَذِّنٌ,2
4927,حِجَابٌ,2
4928,الْأَعْرَافِ,2
4929,وَنَادَوْا,2
4930,تِلْقَاءَ,2
4931,أَقْسَمْتُمْ,2
4932,تَحْزَنُونَ,2
4933,فَصَّلْنَاهُ,2
4934,تَأْوِيلُهُ,2
4935,شُفَعَاءَ,2
4936,يُغْشِي,2
4937,مُسَخَّرَاتٍ,2
4938,الْخَلْقُ,2
4939,إِصْلَاحِهَا,2
4940,مَيِّتٍ,2
4941,الطَّيِّبُ,2
4942,نَبَاتُهُ,2
4943,أُبَلِّغُكُمْ,2
4944,أَوَعَجِبْتُمْ,2
4945,لِيُنْذِرَكُمْ,2
4946,آلَاءَ,2
4947,نَاقَةُ,2
4948,فَذَرُوهَا,2
4949,تَأْكُلْ,2
4950,أَرْضِ,2
4951,قُصُورًا,2
4952,وَتَنْحِتُونَ,2
4953,النَّاقَةَ,2
4954,وَعَتَوْا,2
4955,صَالِحُ,2
4956,وَنَصَحْتُ,2
4957,سَبَقَكُمْ,2
4958,شَهْوَةً,2
4959,مُسْرِفُونَ,2
4960,قَرْيَتِكُمْ,2
4961,أُنَاسٌ,2
4962,يَتَطَهَّرُونَ,2
4963,فَاصْبِرُوا,2
4964,لَتَعُودُنَّ,2
4965,مِلَّتِنَا,2
4966,نَجَّانَا,2
4967,أَفَأَمِنَ,2
4968,نَائِمُونَ,2
4969,ضُحًى,2
4970,أَفَأَمِنُوا,2
4971,مَكْرَ,2
4972,يَرِثُونَ,2
4973,فَظَلَمُوا,2
4974,بِبَيِّنَةٍ,2
4975,ثُعْبَانٌ,2
4976,وَنَزَعَ,2
4977,بَيْضَاءُ,2
4978,يُخْرِجَكُمْ,2
4979,أَرْجِهْ,2
4980,تُلْقِيَ,2
4981,نَكُونَ,2
4982,أَلْقَوْا,2
4983,بِسِحْرٍ,2
4984,أَلْقِ,2
4985,تَلْقَفُ,2
4986,يَأْفِكُونَ,2
4987,لَأُقَطِّعَنَّ,2
4988,مُنْقَلِبُونَ,2
4989,جِئْتَنَا,2
4990,الْحَسَنَةُ,2
4991,الرِّجْزَ,2
4992,يَنْكُثُونَ,2
4993,وَأَوْرَثْنَا,2
4994,يَعْرِشُونَ,2
4995,وَجَاوَزْنَا,2
4996,بِبَنِي,2
4997,وَبَاطِلٌ,2
4998,أَنْجَيْنَاكُمْ,2
4999,وَأَصْلِحْ,2
