,Hadith_Words,Number_of_occurrences
0,عَنْ,18853
1,اللَّهُ,16832
2,قَالَ,16573
3,حَدَّثَنَا,14333
4,اللَّهِ,11988
5,عَلَيْهِ,11885
6,صَلَّى,11201
7,وَسَلَّمَ,10900
8,بْنُ,9666
9,مِنْ,6243
10,بْنِ,5742
11,أَبِي,5433
12,فِي,5145
13,فَقَالَ,4698
14,رَضِيَ,4127
15,ثُمَّ,3361
16,عَلَى,3354
17,مَا,3169
18,عَبْدِ,3050
19,أَبُو,3025
20,لَا,2889
21,أَنَّ,2853
22,أَنْ,2720
23,عَبْدُ,2515
24,رَسُولَ,2413
25,إِلَى,2408
26,رَسُولُ,2401
27,عَنْهُ,2395
28,النَّبِيُّ,2333
29,حَتَّى,2195
30,يَا,2124
31,حَدَّثَنِي,2114
32,النَّبِيِّ,2083
33,كَانَ,2028
34,ابْنِ,2019
35,أَخْبَرَنَا,2005
36,لَهُ,1683
37,بْنَ,1561
38,إِلَّا,1534
39,ابْنُ,1531
40,أَوْ,1528
41,سَمِعْتُ,1476
42,عُمَرَ,1407
43,وَلَا,1381
44,قَالَتْ,1313
45,يَقُولُ,1311
46,مَنْ,1284
47,عَنْهُمَا,1267
48,هُرَيْرَةَ,1255
49,النَّبِيَّ,1210
50,مُحَمَّدُ,1188
51,هَذَا,1180
52,يَحْيَى,1178
53,وَقَالَ,1127
54,إِنَّ,1117
55,ذَلِكَ,1113
56,إِذَا,1112
57,أَنَّهُ,1062
58,مُوسَى,1011
59,عَائِشَةَ,997
60,الرَّحْمَنِ,992
61,عَبَّاسٍ,991
62,رَسُولِ,984
63,بِهِ,983
64,لَمْ,941
65,أَبَا,928
66,أَبِيهِ,909
67,فَلَمَّا,892
68,قَدْ,884
69,أَخْبَرَنِي,876
70,بَكْرٍ,870
71,لِي,863
72,قُلْتُ,862
73,سَعِيدٍ,821
74,سُفْيَانُ,781
75,وَهُوَ,781
76,شُعْبَةُ,750
77,شِهَابٍ,749
78,مَالِكٍ,749
79,وَكَانَ,717
80,عَنْهَا,712
81,فَقُلْتُ,702
82,الَّذِي,701
83,مَعَ,686
84,يَوْمَ,674
85,رَجُلٌ,672
86,اللَّهَ,655
87,الزُّهْرِيِّ,636
88,فَإِذَا,633
89,فِيهِ,629
90,هُوَ,615
91,إِبْرَاهِيمَ,606
92,سَلَمَةَ,592
93,عُمَرُ,579
94,سَمِعَ,572
95,مُحَمَّدٍ,569
96,يُوسُفَ,563
97,بَيْنَ,561
98,إِنْ,559
99,أَنَا,545
100,بِهَا,542
101,مَالِكٌ,518
102,وَمَا,502
103,وَاللَّهِ,497
104,ابْنَ,496
105,مِنْهُ,495
106,إِنِّي,495
107,إِلَيْهِ,486
108,نَعَمْ,476
109,فِيهَا,472
110,عِنْدَ,469
111,اللَّهُمَّ,454
112,فَلَمْ,453
113,قَالُوا,449
114,حِينَ,446
115,شَيْئًا,439
116,إِبْرَاهِيمُ,437
117,النَّاسُ,423
118,اللَّيْثُ,422
119,فَلَا,422
120,عُرْوَةَ,420
121,أَنَسٍ,420
122,لَكَ,418
123,هَذِهِ,415
124,إِسْمَاعِيلَ,410
125,نَافِعٍ,408
126,وَلَمْ,408
127,النَّاسِ,405
128,إِسْمَاعِيلُ,404
129,عَبْدَ,403
130,مُسَدَّدٌ,400
131,رَجُلًا,398
132,عَلِيُّ,384
133,عَلَيَّ,381
134,كُنْتُ,380
135,بَنِي,377
136,جَاءَ,377
137,بَعْدَ,374
138,لَهُمْ,368
139,فَقَالَتْ,362
140,لَهَا,357
141,أَهْلِ,346
142,هَلْ,345
143,رَأَيْتُ,340
144,عُبَيْدِ,334
145,كَمَا,332
146,قَتَادَةَ,331
147,وَقَدْ,329
148,كُنَّا,324
149,لَوْ,323
150,قُتَيْبَةُ,322
151,مَعَهُ,321
152,وَإِنْ,320
153,وَمَنْ,319
154,فَمَا,318
155,إِسْحَاقَ,317
156,سَعْدٍ,316
157,عَمْرٍو,312
158,زَيْدٍ,312
159,قَبْلَ,310
160,عُبَيْدُ,308
161,مِنْهَا,308
162,كَانَتْ,305
163,سَعِيدِ,302
164,وَأَنَا,300
165,سُلَيْمَانُ,297
166,فَإِنَّ,290
167,إِسْحَاقُ,287
168,لَنَا,287
169,الزُّبَيْرِ,286
170,لَمَّا,286
171,شُعَيْبٌ,284
172,أَنَسِ,282
173,لَيْسَ,278
174,يَزِيدَ,278
175,فَقَالُوا,277
176,الْيَمَانِ,276
177,الْعَزِيزِ,271
178,قَامَ,270
179,دَخَلَ,269
180,لَقَدْ,268
181,أَلَا,268
182,أَخْبَرَهُ,266
183,وَإِذَا,264
184,سُلَيْمَانَ,263
185,عَائِشَةُ,262
186,الَّتِي,258
187,عَمْرُو,258
188,بِيَدِهِ,258
189,النَّارِ,256
190,عَلَيْهَا,256
191,مُحَمَّدِ,255
192,سَعِيدُ,254
193,فَإِنْ,251
194,خَرَجَ,251
195,خَالِدٍ,249
196,أُسَامَةَ,249
197,إِنَّمَا,247
198,الَّذِينَ,247
199,شَيْءٍ,247
200,صَالِحٍ,244
201,مِنْهُمْ,244
202,أَنْتَ,244
203,فَيَقُولُ,241
204,الْأَنْصَارِ,239
205,الْجَنَّةِ,239
206,آدَمُ,237
207,أَيُّوبَ,237
208,يَعْنِي,236
209,الرَّجُلُ,235
210,هِشَامٌ,234
211,أَحْمَدُ,233
212,يُصَلِّي,233
213,النَّاسَ,232
214,طَلْحَةَ,232
215,عَلَيْهِمْ,232
216,هِشَامٍ,231
217,بِاللَّهِ,229
218,فَقَامَ,229
219,يُونُسَ,228
220,الْمَسْجِدِ,226
221,فَصَلَّى,225
222,عَلِيٍّ,224
223,إِلَيَّ,222
224,حَازِمٍ,221
225,أَحَدٌ,220
226,عَمْرِو,220
227,الْقِيَامَةِ,219
228,جُرَيْجٍ,219
229,مُحَمَّدٌ,216
230,الْأَعْمَشِ,211
231,الصَّلَاةِ,210
232,إِذْ,209
233,الْمُسَيَّبِ,209
234,أُمِّ,208
235,عَلَيْنَا,208
236,بُكَيْرٍ,206
237,فَإِنَّهُ,205
238,}.,204
239,فَكَانَ,203
240,عَلَيْكَ,203
241,مَعْمَرٌ,203
242,عُثْمَانَ,203
243,مَكَّةَ,202
244,رَكْعَتَيْنِ,202
245,دِينَارٍ,201
246,وَعَنْ,200
247,الْوَلِيدِ,199
248,تَابَعَهُ,197
249,هِيَ,197
250,جُبَيْرٍ,196
251,سُفْيَانَ,196
252,بِنْتِ,193
253,نُعَيْمٍ,192
254,شَاءَ,191
255,لَكُمْ,191
256,إِنَّهُ,191
257,كَذَا,191
258,بِمَا,190
259,يَزِيدُ,190
260,الْخَطَّابِ,189
261,يُونُسُ,189
262,بَشَّارٍ,189
263,كَيْفَ,188
264,أَنِّي,188
265,غَيْرَ,188
266,الْحَارِثِ,188
267,شَيْءٌ,188
268,ح,187
269,وَهْبٍ,187
270,الْمَدِينَةِ,187
271,مَنْصُورٍ,185
272,مَوْلَى,185
273,أَنَّهَا,184
274,قِيلَ,182
275,وَهِيَ,182
276,عُرْوَةُ,182
277,رَجُلٍ,181
278,و,180
279,يَكُنْ,180
280,مَسْعُودٍ,179
281,مِثْلَ,178
282,خَيْرٌ,177
283,عُقْبَةَ,177
284,فَمَنْ,176
285,شُعْبَةَ,176
286,وَإِنَّ,174
287,حَرْبٍ,173
288,ثَابِتٍ,173
289,نَفْسِي,171
290,مِمَّا,171
291,الْمُؤْمِنِينَ,170
292,كُلِّ,170
293,جَعْفَرٍ,170
294,الْأَعْمَشُ,169
295,رَأَى,168
296,أَعْلَمُ,168
297,كَثِيرٍ,167
298,وَلَكِنْ,167
299,نَهَى,166
300,الزِّنَادِ,165
301,مَسْلَمَةَ,165
302,عَلَيْكُمْ,164
303,عُثْمَانُ,164
304,الْأَسْوَدِ,162
305,فَقَدْ,161
306,قَدِمَ,160
307,الْأَعْرَجِ,160
308,وَبَيْنَ,160
309,أَمَّا,159
310,أَتَى,159
311,مِنْكُمْ,158
312,عَلِيٌّ,158
313,عِكْرِمَةَ,157
314,بِي,157
315,مَعْمَرٍ,157
316,ثَلَاثًا,156
317,حَدَّثَهُ,156
318,الْأَرْضِ,155
319,رَأْسَهُ,155
320,مُسْلِمٍ,152
321,الْقَاسِمِ,151
322,إِلَهَ,150
323,أَحَدُكُمْ,150
324,السَّمَاءِ,149
325,بِهَذَا,149
326,الدُّنْيَا,149
327,حَمَّادُ,149
328,أَهْلُ,148
329,فَجَاءَ,148
330,تَعَالَى,146
331,وَلَوْ,146
332,أَخِي,145
333,فَخَرَجَ,145
334,لِلنَّبِيِّ,145
335,يَدَيْهِ,145
336,عَاصِمٍ,145
337,وَأَبُو,144
338,وَالَّذِي,143
339,يُحَدِّثُ,142
340,عِنْدَهُ,142
341,فَإِنِّي,142
342,إِنَّا,142
343,وَأَمَّا,142
344,الْجَنَّةَ,141
345,عَبْد,140
346,مِثْلَهُ,139
347,سَأَلْتُ,138
348,يَوْمًا,137
349,اللَّيْلِ,137
350,زَيْدِ,136
351,وَائِلٍ,136
352,فَهُوَ,135
353,عَمْرٌو,135
354,بِكَ,135
355,بُرْدَةَ,134
356,جَرِيرٌ,134
357,إِنَّكَ,133
358,قَالَا,133
359,خَيْرًا,133
360,النُّعْمَانِ,133
361,كَانُوا,133
362,عُقَيْلٍ,132
363,وَكَانَتْ,132
364,وَإِنِّي,132
365,قُرَيْشٍ,131
366,أَحَدًا,131
367,الْبَيْتِ,130
368,الشَّمْسُ,130
369,فَأَنْزَلَ,129
370,الْمَدِينَةَ,129
371,فَجَعَلَ,128
372,خَيْبَرَ,128
373,مِنِّي,127
374,الْإِسْلَامِ,127
375,أَيُّوبُ,127
376,يَقْرَأُ,127
377,عَوَانَةَ,126
378,امْرَأَةٌ,126
379,أَنَسُ,126
380,أَنَسَ,126
381,حُمَيْدٍ,125
382,غُنْدَرٌ,125
383,أُمُّ,125
384,بِهِمْ,125
385,هِشَامِ,124
386,بَعْدُ,124
387,مَاتَ,124
388,بَدْرٍ,124
389,فَوَاللَّهِ,123
390,لِلَّهِ,123
391,هَكَذَا,123
392,أَيْنَ,122
393,الْمُسْلِمِينَ,122
394,أَدْرِي,122
395,سَبِيلِ,121
396,جَابِرِ,121
397,الرَّزَّاقِ,120
398,بَلَى,120
399,نَزَلَتْ,119
400,بِذَلِكَ,119
401,الْمُثَنَّى,118
402,يَسَارٍ,118
403,وَفِي,118
404,يَوْمَئِذٍ,118
405,فِيمَا,118
406,الْقُرْآنَ,117
407,فَأَمَرَ,117
408,جِبْرِيلُ,116
409,عُتْبَةَ,116
410,مُعَاوِيَةَ,116
411,لِمَنْ,116
412,الْآيَةَ,115
413,يُقَالُ,115
414,هِشَامُ,115
415,بِنْتَ,115
416,هَؤُلَاءِ,115
417,عَبْدَانُ,114
418,قَتَادَةُ,114
419,مَسْرُوقٍ,114
420,فَقِيلَ,114
421,عَنْهُمْ,114
422,أَنَسٌ,113
423,بَعْضُهُمْ,113
424,هُمْ,112
425,أَيُّهَا,112
426,ذَاكَ,112
427,فَهَلْ,111
428,عَامِرٍ,111
429,قَيْسٍ,111
430,الصَّلَاةُ,111
431,رَبِّ,111
432,وَكَذَا,111
433,الْخُدْرِيِّ,110
434,امْرَأَةً,110
435,قَطُّ,109
436,يَعْقُوبُ,109
437,الْقَوْمِ,108
438,يَوْمٍ,108
439,يُرِيدُ,108
440,أَمْ,107
441,نَزَلَ,107
442,مُلَيْكَةَ,107
443,رَبِيعَةَ,107
444,إِلَيْكَ,107
445,جَابِرَ,106
446,وَابْنُ,106
447,أَسْلَمَ,106
448,كُلُّ,106
449,نَحْنُ,106
450,كُلَّ,106
451,بِنْتُ,106
452,جَابِرٍ,106
453,الْوَهَّابِ,105
454,أَيْ,105
455,الزُّهْرِيُّ,104
456,مَرْيَمَ,104
457,أُمَّ,104
458,أَهْلِهِ,103
459,أَهْلَ,103
460,وُهَيْبٌ,103
461,سَهْلِ,103
462,الصَّلَاةَ,103
463,حَمْزَةَ,103
464,الْمَلِكِ,103
465,هَمَّامٌ,103
466,سَعِيدٌ,102
467,بَعَثَ,102
468,وَجْهِهِ,102
469,مِمَّنْ,102
470,قُلْنَا,102
471,سَالِمٍ,102
472,الْوَاحِدِ,101
473,طَالِبٍ,101
474,عَهْدِ,101
475,رَمَضَانَ,100
476,وَهُمْ,100
477,الْيَوْمَ,100
478,حَيْثُ,100
479,أَحَبَّ,99
480,سَعْدِ,99
481,رَفَعَ,99
482,صَلَاةِ,99
483,يَدَهُ,98
484,حَفْصٍ,97
485,أَنَسًا,96
486,الْوَارِثِ,96
487,خَالِدٌ,96
488,آدَمَ,96
489,تَقُولُ,95
490,أَمَرَ,95
491,يَكُونَ,95
492,أُحُدٍ,95
493,عِنْدِي,95
494,أَكْثَرَ,95
495,عُيَيْنَةَ,95
496,فَأَخَذَ,95
497,قَوْلِهِ,94
498,فَدَعَا,94
499,إِسْرَائِيلَ,94
500,الْجُمُعَةِ,94
501,قِلَابَةَ,93
502,كُنْتَ,93
503,بِالْبَيْتِ,93
504,سَلَامٍ,92
505,عِيسَى,92
506,أَحَدٍ,92
507,أَخَذَ,92
508,السَّلَام,92
509,مِثْلُ,91
510,نَافِعٌ,91
511,لَيْلَةً,91
512,أَوَّلَ,90
513,دَعَا,90
514,تِلْكَ,90
515,أَبَدًا,89
516,أَيُّ,89
517,أَرَادَ,89
518,أَمَا,89
519,قَرَأَ,89
520,خَالِدُ,88
521,سَمِعْتُهُ,88
522,مِنَّا,87
523,فِيهِمْ,87
524,دُونَ,87
525,الْحَسَنِ,87
526,بِالْمَدِينَةِ,87
527,وَلَيْسَ,87
528,لِرَسُولِ,87
529,إِلَيْهَا,87
530,فَدَخَلَ,86
531,لِأَبِي,86
532,الْقُرْآنِ,86
533,سَأَلَ,85
534,الْجَاهِلِيَّةِ,85
535,أَلَمْ,85
536,ذَكَرَ,85
537,شَيْبَةَ,85
538,حَفْصَةَ,85
539,إِلَيْهِمْ,85
540,عَزَّ,84
541,وَجَلَّ,84
542,عَطَاءِ,84
543,الْحَسَنُ,84
544,أَقْبَلَ,84
545,الْمُشْرِكِينَ,84
546,عَوْفٍ,84
547,الْمِنْبَرِ,83
548,عُبَادَةَ,83
549,تَحْتَ,83
550,صَدَقَةٌ,83
551,فَإِنَّمَا,83
552,الْمُنْذِرِ,83
553,بِشْرٍ,83
554,سِيرِينَ,83
555,كَعْبٍ,83
556,أَصْحَابِ,83
557,طَاوُسٍ,83
558,الْحُمَيْدِيُّ,82
559,الْبَرَاءِ,82
560,رَجَعَ,82
561,سُلَيْمٍ,82
562,بَيْنَا,81
563,الْكِتَابِ,81
564,أُمَّتِي,81
565,بِشَيْءٍ,81
566,فَنَزَلَتْ,81
567,بَلْ,80
568,مُحَمَّدًا,80
569,وَرَسُولُهُ,80
570,غَيْرِ,80
571,بِنَا,80
572,ثَلَاثَ,80
573,مَرَّتَيْنِ,79
574,مَالِكُ,79
575,لَنْ,79
576,قَضَى,79
577,مُقَاتِلٍ,79
578,بَعْدَهُ,79
579,بَكْرِ,79
580,بَيْنَهُمَا,79
581,بِمَكَّةَ,79
582,وَاحِدٍ,79
583,مَعَكَ,79
584,فَذَكَرَ,79
585,الْأَنْصَارِيُّ,78
586,الشَّعْبِيِّ,78
587,مُجَاهِدٍ,78
588,فَأَتَى,78
589,زُرَيْعٍ,78
590,الْحَمْدُ,78
591,تُوُفِّيَ,77
592,قُلْ,77
593,وَأَنْ,77
594,مِنْكَ,77
595,قِبَلَ,77
596,حَمَّادٌ,77
597,زَيْنَبَ,77
598,انْصَرَفَ,77
599,يَعْلَمُ,77
600,الرَّجُلِ,76
601,لَوْلَا,76
602,عَوْنٍ,76
603,أَسْمَاءَ,76
604,أُتِيَ,75
605,سَعْدُ,75
606,ذَرٍّ,75
607,أَتَيْتُ,75
608,زَوْجِ,75
609,عَلْقَمَةَ,74
610,عَنِّي,74
611,يَكُونُ,74
612,بَيْنَمَا,74
613,النِّسَاءِ,74
614,الْعَصْرِ,73
615,فَعَلَ,73
616,عُبَيْدٍ,73
617,لِابْنِ,73
618,عُبَيْدَةَ,73
619,الْحَكَمِ,73
620,إِلَيْنَا,73
621,جَاءَتْ,72
622,بِشْرُ,72
623,صَلَاةَ,72
624,بِهِمَا,72
625,فَقُمْتُ,72
626,عَطَاءٌ,72
627,النَّضْرِ,72
628,بَلَغَ,71
629,أَنَّهُمْ,71
630,وَأَنَّ,71
631,وَعَلَى,71
632,بَكْرَةَ,71
633,يَوْمُ,71
634,حَفْصُ,71
635,عَشْرَةَ,71
636,نَبِيَّ,71
637,إِنَّهَا,71
638,شَهِدَ,70
639,مَرَّ,70
640,بِغَيْرِ,70
641,مُعَاذُ,70
642,أَخْبَرَتْهُ,70
643,وَقَّاصٍ,69
644,أَوَّلُ,69
645,وَنَحْنُ,69
646,كَتَبَ,69
647,الْأَعْلَى,69
648,وَإِنَّهُ,69
649,هَا,69
650,الْفَضْلِ,69
651,أُنْزِلَ,69
652,بَيْنِي,69
653,مَعِي,69
654,يَقُولَ,68
655,اللَّيْلَةَ,68
656,قَوْمٌ,68
657,مَالًا,68
658,الْعَلَاءِ,68
659,وَأَبِي,68
660,عَدِيٍّ,68
661,أَصَابَ,67
662,عَطَاءٍ,67
663,فَانْطَلَقَ,67
664,ذِي,67
665,زَمْعَةَ,67
666,عِمْرَانَ,67
667,أَوْفَى,67
668,رَجَاءٍ,67
669,ذَهَبَ,66
670,أَصْحَابِهِ,66
671,سُئِلَ,66
672,فَيُقَالُ,66
673,أُمَيَّةَ,66
674,شِئْتَ,66
675,حُذَيْفَةَ,66
676,إِحْدَى,66
677,هُنَا,66
678,فِيكُمْ,65
679,بَيْنَنَا,65
680,فَنَزَلَ,65
681,مَرَّةً,65
682,الْحَدِيثَ,65
683,الصَّفَا,65
684,مَاذَا,64
685,دَاوُدَ,64
686,الرَّجُلَ,64
687,أَحَدُهُمَا,64
688,الْأَوْزَاعِيُّ,64
689,بَعْدِي,64
690,سَلَّمَ,64
691,الْحَدِيثِ,64
692,فَرَأَيْتُ,64
693,تَرَى,63
694,الرَّبِيعِ,63
695,بَيْتِ,63
696,بَعْضٍ,63
697,الْمُنْكَدِرِ,63
698,فَنَظَرَ,63
699,جَاءَهُ,62
700,جَالِسٌ,62
701,إِيَّاهُ,62
702,يَدْخُلُ,62
703,زُهَيْرٌ,62
704,الْقَوْمُ,62
705,وَاللَّهُ,62
706,وَرَسُولُ,62
707,بَعْضِ,62
708,ذَاتَ,62
709,مَاءٍ,62
710,خَرَجْنَا,62
711,فَإِنَّهَا,62
712,مِائَةٍ,62
713,يَأْتِي,62
714,مُرَّةَ,61
715,أَشْهَدُ,61
716,فَأَمَّا,61
717,وَرَجُلٌ,61
718,أُبَيٍّ,61
719,بَعْضُ,60
720,بِلَالٍ,60
721,الْخَيْرِ,60
722,سَالِمِ,60
723,يَأْكُلُ,60
724,عَازِبٍ,60
725,مُسْلِمُ,60
726,الْمَاءَ,60
727,فَاطِمَةَ,60
728,قَوْمٍ,60
729,الْمَرْأَةُ,60
730,يَوْمِ,60
731,ذِئْبٍ,60
732,فَكَانَتْ,60
733,رَبِّي,60
734,حُمَيْدٌ,60
735,فَذَهَبَ,60
736,فَيَقُولُونَ,60
737,رَبَّنَا,60
738,جَعَلَ,59
739,الْأَنْصَارِيِّ,59
740,وَمَعَهُ,59
741,الْفَتْحِ,59
742,فَتَوَضَّأَ,59
743,عُمَيْرٍ,59
744,فَوْقَ,59
745,بَقِيَ,59
746,فَأَتَيْتُ,59
747,وَالْمَرْوَةِ,59
748,مُعَاوِيَةُ,59
749,رَوَاهُ,58
750,لَيْلَةَ,58
751,يَدِهِ,58
752,شَهْرًا,58
753,السَّاعَةُ,58
754,أَنَّكَ,58
755,أَرَأَيْتَ,58
756,لَبَّيْكَ,58
757,نَاسٌ,58
758,الْأَوَّلِ,58
759,الْبَرَاءَ,58
760,رَأَيْتُهُ,57
761,أَحَبُّ,57
762,الْمُبَارَكِ,57
763,أَنْظُرُ,57
764,الْعَاصِ,57
765,الْوَدَاعِ,57
766,دَخَلْتُ,57
767,زَوْجَ,57
768,عَامَ,57
769,الْيَمَنِ,57
770,يَمِينِهِ,57
771,أَرَى,57
772,بَيْنَهُ,57
773,سَعْدٌ,57
774,وَيَقُولُ,57
775,حَرَّمَ,57
776,أُنْزِلَتْ,57
777,أَصْبَحَ,56
778,وَجَدَ,56
779,الْمُطَّلِبِ,56
780,فَأَقْبَلَ,56
781,النَّحْرِ,56
782,شَيْبَانُ,56
783,قُتِلَ,56
784,ذَهَبٍ,56
785,رَافِعٍ,56
786,عَمْرَةَ,56
787,وَذَلِكَ,56
788,وَإِنَّمَا,55
789,جَرِيرٍ,55
790,وَجْهَهُ,55
791,الْإِبِلِ,55
792,مَعَهَا,55
793,سَالِمٌ,55
794,تَمِيمٍ,55
795,الْمُغِيرَةِ,55
796,وَرَسُولَهُ,55
797,أَسَدٍ,55
798,مَعَهُمْ,55
799,كَذَلِكَ,55
800,أَعْتَقَ,55
801,أَنْزَلَ,55
802,فَرَجَعَ,54
803,نَحْوَهُ,54
804,حَقًّا,54
805,صَدَقَ,54
806,فَقُلْنَا,54
807,الْآخَرُ,54
808,بِلَالٌ,54
809,مَيْمُونَةَ,54
810,السَّلَامُ,54
811,ثَلَاثَةَ,54
812,حَفْصِ,54
813,يُوسُفُ,54
814,رَكَعَ,54
815,الْآيَةُ,54
816,قُلْتَ,54
817,كَأَنَّهُ,54
818,وَعَلَيْهِ,53
819,أَمِيرَ,53
820,مَرْحَبًا,53
821,عُقَيْلٌ,53
822,مُسْلِمٌ,53
823,وَأَنْتَ,53
824,الْكَعْبَةِ,53
825,هِلَالٍ,53
826,سَجَدَ,53
827,الشَّمْسِ,53
828,وَزَادَ,53
829,الْفَجْرِ,53
830,امْرَأَةٍ,52
831,قَبِيصَةُ,52
832,رَأْسِي,52
833,بِالنَّاسِ,52
834,وَكِيعٌ,52
835,نَفْسَهُ,52
836,مَخْرَمَةَ,52
837,بِأَبِي,52
838,بَنُو,52
839,جَلَسَ,52
840,حُصَيْنٍ,52
841,فَجِئْتُ,52
842,بَيْتِهِ,52
843,عَاصِمٌ,52
844,تَرَكَ,52
845,الضُّحَى,52
846,أَيَّامٍ,52
847,طَوِيلًا,52
848,الْأَمْرِ,52
849,عَبْدَةُ,51
850,فُلَانٍ,51
851,آمَنُوا,51
852,الْمَقْبُرِيِّ,51
853,يَخْرُجُ,51
854,عَنَّا,51
855,فَجَلَسَ,51
856,أَلَيْسَ,51
857,لَهُمَا,51
858,أَعُوذُ,51
859,صَنَعَ,51
860,بِعُمْرَةٍ,51
861,بِالْحَقِّ,51
862,أَنْتُمْ,51
863,وَلَقَدْ,50
864,قَلِيلًا,50
865,فَأَتَاهُ,50
866,الْجَعْدِ,50
867,سُبْحَانَ,50
868,صَدَقَةُ,50
869,آخِرِ,50
870,جَبَلٍ,50
871,أُحِبُّ,50
872,زَيْدَ,50
873,فَذَكَرْتُ,50
874,حَدِيثِ,50
875,مُنْذُ,50
876,لَيْلَى,50
877,ذُو,49
878,كُنْتُمْ,49
879,بِالصَّلَاةِ,49
880,الْعَرَبِ,49
881,لِلنَّاسِ,49
882,وَالنَّبِيُّ,49
883,إِنَّهُمْ,49
884,سِنِينَ,49
885,إِنَّكُمْ,49
886,عَلِيًّا,49
887,أَهَلَّ,49
888,عَطِيَّةَ,49
889,رَأْسِهِ,49
890,الْمَاءِ,49
891,فَأَرْسَلَ,49
892,قَوْمًا,49
893,الشَّيْطَانِ,49
894,لَسْتُ,49
895,لِكُلِّ,48
896,يَرَى,48
897,الصُّبْحِ,48
898,الْيَهُودِ,48
899,يُحِبُّ,48
900,فَمَرَّ,48
901,حَجَّاجُ,48
902,الْبَحْرِ,48
903,يَدَيْ,48
904,يَقُولُونَ,48
905,سَعِيدَ,48
906,إِسْرَائِيلُ,48
907,كَمْ,48
908,رَجُلَيْنِ,48
909,وَكُنْتُ,48
910,سَهْلٍ,48
911,كَعْبِ,48
912,يَخْطُبُ,48
913,أَصْحَابِي,48
914,النِّسَاءَ,48
915,وَإِلَّا,48
916,رَبِّكَ,47
917,أَتَاهُ,47
918,النَّارَ,47
919,غَيْرُهُ,47
920,مِنْهَالٍ,47
921,الْآنَ,47
922,فَرَغَ,47
923,نَفْسِهِ,47
924,أَمْرِي,47
925,عَلِيِّ,47
926,الْعَصْرَ,47
927,عَدِيِّ,47
928,يَعْلَى,47
929,الظُّهْرَ,47
930,عَلَيْهِمَا,47
931,نِسَائِهِ,47
932,حَفْصَةُ,47
933,هُشَيْمٌ,47
934,الْبَيْتَ,47
935,تَقُومُ,47
936,جَهَنَّمَ,47
937,رَاعٍ,47
938,الْحَجِّ,47
939,أَجِدُ,47
940,وَرَسُولِهِ,46
941,بَدْرًا,46
942,نَائِمٌ,46
943,حُمَيْدِ,46
944,فُلَانٌ,46
945,مُعْتَمِرٌ,46
946,جَدِّهِ,46
947,آلِ,46
948,مِنْهُمَا,46
949,أَبَاهُ,46
950,مَيْمُونٍ,46
951,نَرَى,46
952,اذْهَبْ,46
953,الْوَلِيدُ,46
954,وَمِنْ,46
955,يَزَلْ,46
956,الْكِتَابَ,45
957,فَأَذِنَ,45
958,رَجُلَانِ,45
959,عُفَيْرٍ,45
960,فَأُتِيَ,45
961,تَعْلَمُ,45
962,لِمَا,45
963,هَمَّامٍ,45
964,الْآخِرَةِ,45
965,يَسَارِهِ,45
966,غُلَامٌ,45
967,الْحُلَيْفَةِ,45
968,كُرَيْبٍ,45
969,أَرَ,45
970,فَوَضَعَ,45
971,بَيْنَهُمْ,45
972,ذَا,45
973,الْمَسْجِدَ,45
974,حُنَيْنٍ,45
975,حَقٌّ,45
976,الْأَنْصَارُ,45
977,الْمَالِ,45
978,فَأَقُولُ,45
979,نَبِيٌّ,44
980,غَيْرُ,44
981,إِيَاسٍ,44
982,كَذَبَ,44
983,كَثِيرًا,44
984,كِتَابِ,44
985,جَابِرًا,44
986,فَأَشَارَ,44
987,جُوَيْرِيَةُ,44
988,فُلَانًا,44
989,السَّمَوَاتِ,44
990,رَسُولِهِ,44
991,فِيمَنْ,44
992,وَعُمَرُ,44
993,أُرِيدُ,44
994,جَرِيرُ,44
995,أَهْلِي,44
996,الرِّجَالِ,44
997,اقْرَأْ,43
998,الشَّأْمِ,43
999,الْمُسْلِمُونَ,43
1000,عَشَرَ,43
1001,رِجَالٌ,43
1002,قَائِمٌ,43
1003,الْبَحْرَيْنِ,43
1004,فَذَلِكَ,43
1005,حَجَّةِ,43
1006,سَفَرٍ,43
1007,عِنْدَهَا,43
1008,لَقِيَ,43
1009,الْأُخْرَى,43
1010,زِيَادٍ,43
1011,جَمِيعًا,43
1012,بَيْتِي,43
1013,الْمَغْرِبِ,43
1014,صَفِيَّةَ,43
1015,فَكُنْتُ,43
1016,وَجَعَلَ,43
1017,الصَّالِحِ,43
1018,فَأَخْبَرْتُهُ,43
1019,غَدًا,43
1020,صَيَّادٍ,43
1021,وَحْدَهُ,42
1022,بِكِتَابِ,42
1023,الرَّحِيمِ,42
1024,كَيْسَانَ,42
1025,حُسَيْنٍ,42
1026,أَعْطَى,42
1027,وَاحِدٌ,42
1028,سَمِعْتَ,42
1029,فَسَلَّمَ,42
1030,سَاعَةً,42
1031,يَقُلْ,42
1032,اسْتَيْقَظَ,42
1033,قَائِمًا,42
1034,إِذًا,42
1035,يَفْعَلُ,42
1036,مَعَنَا,42
1037,أَرْبَعًا,42
1038,بِمَاءٍ,42
1039,بَاب,42
1040,حَارِثَةَ,42
1041,صَفْوَانَ,42
1042,تَكُونُ,42
1043,فَجَاءَتْ,42
1044,يَدْعُو,42
1045,الْيَوْمِ,41
1046,أَرْسَلَ,41
1047,وَبَيْنَهُ,41
1048,مَعْشَرَ,41
1049,خَلْفَ,41
1050,زَكَرِيَّاءُ,41
1051,قَيْسِ,41
1052,مَيْسَرَةَ,41
1053,آخَرُ,41
1054,عَامِرِ,41
1055,لِأَحَدٍ,41
1056,الْأُولَى,41
1057,تَوَضَّأَ,41
1058,جَالِسًا,41
1059,فَقَرَأَ,41
1060,وَرَاءَهُ,41
1061,الرُّكُوعِ,41
1062,قَرِيبًا,41
1063,أَحَقُّ,41
1064,عَبْدٍ,41
1065,فَأَبَى,41
1066,الزُّبَيْرُ,41
1067,ابْنِي,41
1068,الْحَقِّ,40
1069,لَيْلَةٍ,40
1070,يَنْظُرُ,40
1071,زُرْعَةَ,40
1072,حَرَامٌ,40
1073,فَسَأَلَهُ,40
1074,شَدِيدًا,40
1075,فَخَرَجْتُ,40
1076,الصَّمَدِ,40
1077,أَخِيهِ,40
1078,يَجِدْ,40
1079,نَحْوَ,40
1080,أَكَلَ,40
1081,الْآيَةِ,40
1082,الطَّرِيقِ,40
1083,مَرْوَانَ,40
1084,مَحْمُودٌ,40
1085,سَالِمُ,40
1086,مُؤْمِنٌ,40
1087,عَبْدًا,39
1088,الْخُدْرِيَّ,39
1089,وَرَوَاهُ,39
1090,صَلَّيْتُ,39
1091,مَخْلَدٍ,39
1092,الْمُهَاجِرِينَ,39
1093,فَرَفَعَ,39
1094,فَغَسَلَ,39
1095,يُصَلُّونَ,39
1096,مُعَاذٍ,39
1097,فَسَأَلْتُ,39
1098,يَمْشِي,39
1099,زَادَ,39
1100,نَصْرٍ,39
1101,ثَلَاثٍ,39
1102,فَأَخْبَرَنِي,39
1103,وَرَأَيْتُ,39
1104,وَعِشْرِينَ,39
1105,الْيَهُودَ,39
1106,مِائَةَ,39
1107,فَانْطَلَقْتُ,39
1108,لَئِنْ,39
1109,فَرَجَعْتُ,38
1110,إِدْرِيسَ,38
1111,فَسَأَلْتُهُ,38
1112,عَمِّهِ,38
1113,وَذَكَرَ,38
1114,تَكُنْ,38
1115,وَقَعَ,38
1116,خَاتَمًا,38
1117,فَإِنَّكَ,38
1118,أُخْرَى,38
1119,الْمَكِّيُّ,38
1120,وَإِمَّا,38
1121,خَمْسَ,38
1122,عَرَفَةَ,38
1123,رِجْلَيْهِ,38
1124,آخَرَ,38
1125,سُورَةِ,38
1126,مَاءٌ,38
1127,النَّهَارِ,38
1128,جَهْلٍ,38
1129,امْرَأَتَهُ,38
1130,عَاصِمُ,38
1131,أَقُولُ,38
1132,بَابِ,38
1133,وَأُمِّي,38
1134,وَهَلْ,38
1135,رِجَالًا,38
1136,زَيْدُ,38
1137,هَلَكَ,38
1138,حَدِيدٍ,38
1139,خَلَقَ,37
1140,الْحَكَمُ,37
1141,عُمَارَةَ,37
1142,حَبِيبٍ,37
1143,مَالِكِ,37
1144,صَلَاةٍ,37
1145,السَّاعَةِ,37
1146,مُضَرَ,37
1147,مَثَلُ,37
1148,نَجِيحٍ,37
1149,أَكْبَرُ,37
1150,أَشَدَّ,37
1151,أَذِنَ,37
1152,جِئْتُ,37
1153,النَّضْرُ,37
1154,مَرَّاتٍ,37
1155,غِيَاثٍ,37
1156,لِعَائِشَةَ,37
1157,قِيَامًا,37
1158,وَعَبْدُ,37
1159,قَوْلِ,37
1160,أُمِّي,37
1161,رَبَّهُ,37
1162,تَدْرِي,37
1163,قَدِمْنَا,37
1164,ادْعُ,37
1165,الصَّدَقَةِ,37
1166,الْحُدَيْبِيَةِ,37
1167,لِرَجُلٍ,37
1168,هَاجَرَ,36
1169,انْطَلَقَ,36
1170,تَكُونَ,36
1171,مِائَةِ,36
1172,خَرَجْتُ,36
1173,سِنَانٍ,36
1174,أَعْرَابِيٌّ,36
1175,أُرَاهُ,36
1176,وَالنَّاسُ,36
1177,كَمَثَلِ,36
1178,بِمِنًى,36
1179,فَسَكَتَ,36
1180,يَحِلُّ,36
1181,سَمِعَهُ,36
1182,أَحَدَكُمْ,36
1183,جَابِرٌ,36
1184,الْأَرْضَ,36
1185,بِرَسُولِ,36
1186,الْإِمَامُ,36
1187,غُلَامًا,36
1188,الْوَلَاءُ,36
1189,بَرِيرَةَ,36
1190,حَجَّ,36
1191,الْأَكْوَعِ,36
1192,عَنْكَ,36
1193,أَجْلِ,36
1194,الْقَبْرِ,36
1195,فَبَيْنَا,36
1196,قَتَلَ,36
1197,انْطَلِقْ,36
1198,وَالْأَرْضِ,35
1199,النِّسَاءُ,35
1200,بَالُ,35
1201,وَلَنْ,35
1202,جَمْرَةَ,35
1203,أَحَدُهُمْ,35
1204,شَهْرٍ,35
1205,فِتْنَةِ,35
1206,ائْذَنْ,35
1207,صَلَاةُ,35
1208,لِعَبْدِ,35
1209,أُخْتِي,35
1210,اسْتَأْذَنَ,35
1211,فَاطِمَةُ,35
1212,كَأَنَّ,35
1213,لِعُمَرَ,35
1214,كَبَّرَ,35
1215,الْمَلَائِكَةُ,35
1216,فَعَلْتُ,35
1217,الْخَنْدَقِ,35
1218,خَطَبَ,35
1219,الْعِشَاءِ,35
1220,الدَّرْدَاءِ,35
1221,فَبَلَغَ,35
1222,وَقَالُوا,35
1223,بِالْحَجِّ,35
1224,بَيْعِ,35
1225,اعْتَمَرَ,35
1226,قَسَمَ,35
1227,الْحُمُرِ,35
1228,الْأَنْصَارِيَّ,34
1229,وَدَعَا,34
1230,آخِرَ,34
1231,السَّلَامَ,34
1232,تَقَدَّمَ,34
1233,أَحْسَنَ,34
1234,مَالِي,34
1235,كَأَنِّي,34
1236,وَاحِدًا,34
1237,مَاءً,34
1238,سَنَةً,34
1239,شِئْتُمْ,34
1240,الْآخِرِ,34
1241,ذُكِرَ,34
1242,جُحَيْفَةَ,34
1243,يَنْبَغِي,34
1244,وَهَذَا,34
1245,فَأَبَوْا,34
1246,وَقَالَتْ,34
1247,عِنْدِ,34
1248,أَحَدِكُمْ,34
1249,الصُّبْحَ,34
1250,امْرَأَتِهِ,34
1251,لِمَ,34
1252,قَوْلَ,34
1253,وَلَهُ,34
1254,أَنْتِ,34
1255,مُعَلَّى,34
1256,وَإِنَّا,34
1257,طَعَامًا,34
1258,صَدْرِي,34
1259,خَمْسِينَ,34
1260,صَلَاةً,34
1261,فَطَافَ,34
1262,أُصَلِّي,34
1263,التَّيْمِيِّ,34
1264,وَلَكَ,34
1265,أَتَانِي,34
1266,بِالْمَعْرُوفِ,34
1267,وَأَخْبَرَنِي,33
1268,صُهَيْبٍ,33
1269,الْقِبْلَةِ,33
1270,وَرُبَّمَا,33
1271,وَجْهَ,33
1272,كِسْرَى,33
1273,فَرَأَى,33
1274,فَسَأَلَ,33
1275,آيَةً,33
1276,الشَّيْطَانُ,33
1277,حَرَجَ,33
1278,غَيْرَهُ,33
1279,فَلَهُ,33
1280,لَهُنَّ,33
1281,الْيُمْنَى,33
1282,بِاللَّيْلِ,33
1283,عَفَّانَ,33
1284,وَأَمَرَ,33
1285,وَعِنْدَهُ,33
1286,حَدَّثَهُمْ,33
1287,حَائِضٌ,33
1288,أُمِّهِ,33
1289,نُمَيْرٍ,33
1290,فَرَضَ,33
1291,نَبِيُّ,33
1292,النَّخْلِ,33
1293,قَبْلَكُمْ,33
1294,أَصْحَابَ,33
1295,قَوْلُهُ,33
1296,السَّمَاءُ,33
1297,وَهَكَذَا,33
1298,وَأَعُوذُ,33
1299,حَلَفَ,33
1300,شَاةً,33
1301,فِيَّ,33
1302,عِنْدَكَ,33
1303,فَأَنَا,32
1304,قَبْلَهُ,32
1305,غَسَّانَ,32
1306,آيَةُ,32
1307,أَهْلِهَا,32
1308,فُضَيْلٍ,32
1309,فَحَمِدَ,32
1310,وَجْهُهُ,32
1311,الْغَنَمِ,32
1312,وَالْيَوْمِ,32
1313,الشَّيْطَانَ,32
1314,الْفَضْلُ,32
1315,أَفَلَا,32
1316,الْمَرْأَةِ,32
1317,أُسَامَةُ,32
1318,مُطْعِمٍ,32
1319,أَدْنَى,32
1320,فَأَكَلَ,32
1321,أَخْبَرَهُمْ,32
1322,فَسَجَدَ,32
1323,أَرْبَعِينَ,32
1324,جِبْرِيلَ,32
1325,لَيْلًا,32
1326,عِشْرِينَ,32
1327,أَتَيْنَا,32
1328,حَمِدَهُ,32
1329,ارْفَعْ,32
1330,رِفَاعَةَ,32
1331,يَعْبُدُ,32
1332,الشَّجَرَةِ,32
1333,فَادْعُ,32
1334,زَنَى,32
1335,جَحْشٍ,32
1336,قُبِضَ,32
1337,وَلَكِنِّي,32
1338,الْمُشْرِكُونَ,32
1339,عَمِّ,31
1340,وَكَانُوا,31
1341,حَدَّثَ,31
1342,وَصَلَّى,31
1343,كَثِيرٌ,31
1344,وَأَثْنَى,31
1345,بِذِي,31
1346,التَّيَّاحِ,31
1347,فَدَخَلْتُ,31
1348,حَصِينٍ,31
1349,بِالنَّبِيِّ,31
1350,ظَهْرِ,31
1351,أَرْبَعَ,31
1352,نَامَ,31
1353,مُعَاذٌ,31
1354,أَخَافُ,31
1355,نَاسًا,31
1356,حَمَّادٍ,31
1357,جُبَيْرِ,31
1358,يَقُومُ,31
1359,حَدَّثَتْنِي,31
1360,يَرْفَعُ,31
1361,زَيْدٌ,31
1362,الْوَادِي,31
1363,يُصَلِّيَ,31
1364,رَأْسُهُ,31
1365,الطَّعَامِ,31
1366,قَزَعَةَ,31
1367,لَعَنَ,31
1368,وُلِدَ,31
1369,عَلَيْكِ,31
1370,وَالَّذِينَ,31
1371,أَلْفٍ,31
1372,فَشَرِبَ,31
1373,لُحُومِ,31
1374,عَامٍ,31
1375,عَلِمْتُ,31
1376,فَجَاءَهُ,30
1377,فَأَخْبَرَهُ,30
1378,الْيَهُودُ,30
1379,مَالِ,30
1380,الْمُسْلِمِ,30
1381,يَبْلُغُ,30
1382,أَكْثَرُ,30
1383,تُرِيدُ,30
1384,نَجْدٍ,30
1385,بَدَا,30
1386,حَدِيثًا,30
1387,وَجْهِي,30
1388,عِمْرَانُ,30
1389,فَجَعَلْتُ,30
1390,وَكُنَّا,30
1391,مَنْصُورٌ,30
1392,إِمَّا,30
1393,هَارُونَ,30
1394,فَضَالَةَ,30
1395,فَأَتَيْتُهُ,30
1396,فَبَعَثَ,30
1397,يَطُوفُ,30
1398,الْأَشْعَرِيِّ,30
1399,خَلْفَهُ,30
1400,أُولَئِكَ,30
1401,صَلِّ,30
1402,يَوْمٌ,30
1403,الرَّكْعَتَيْنِ,30
1404,السَّاعِدِيِّ,30
1405,فَلْيَقُلْ,30
1406,غَزْوَةِ,30
1407,رَعِيَّتِهِ,30
1408,يَعْقُوبَ,30
1409,وَأَصْحَابُهُ,30
1410,عُمْرَةً,30
1411,أَمَرَنِي,30
1412,أُسَيْدٍ,30
1413,الْوَحْيُ,29
1414,رُؤْيَا,29
1415,قُمْ,29
1416,وَتَابَعَهُ,29
1417,السَّفَرِ,29
1418,يُؤْمِنُ,29
1419,شَكَّ,29
1420,عَامِرُ,29
1421,فُلَيْحٌ,29
1422,يَضْرِبُ,29
1423,أَهْلَهُ,29
1424,عِنْدَنَا,29
1425,جَابِرُ,29
1426,هَانِئٍ,29
1427,بِيَدِي,29
1428,الْحَجَّ,29
1429,الشَّيْبَانِيِّ,29
1430,مَسْجِدِ,29
1431,السَّمَاءَ,29
1432,فَسَلَّمْتُ,29
1433,مِنًى,29
1434,جَارِيَةً,29
1435,ثَابِتٌ,29
1436,رَاحِلَتِهِ,29
1437,وَرَاءِ,29
1438,عَلَيْهِنَّ,29
1439,فَأَطَالَ,29
1440,رَكْعَةً,29
1441,يَسْمَعُ,29
1442,سُمَيٍّ,29
1443,الثَّالِثَةِ,29
1444,فَرَسٍ,29
1445,وَتَرَكَ,29
1446,شَعِيرٍ,29
1447,صَفِيَّةُ,29
1448,يَجْمَعُ,29
1449,هَاشِمٍ,29
1450,مَالٌ,29
1451,اشْتَرَى,29
1452,الْحَقُّ,28
1453,وَكَذَلِكَ,28
1454,اذْهَبُوا,28
1455,الصَّامِتِ,28
1456,خَيْرٍ,28
1457,غُفِرَ,28
1458,حَيَّانَ,28
1459,قَوْمِي,28
1460,الْحَمِيدِ,28
1461,نَفَرٍ,28
1462,حُمَيْدُ,28
1463,عُبَيْدَ,28
1464,الْجَنَّةُ,28
1465,فَضَرَبَ,28
1466,فَغَضِبَ,28
1467,اشْتَدَّ,28
1468,أُمِرَ,28
1469,عِيَاضٍ,28
1470,حَمْزَةُ,28
1471,فَنَظَرْتُ,28
1472,حُذَيْفَةُ,28
1473,طَافَ,28
1474,ثَوْبَهُ,28
1475,الشَّيْبَانِيُّ,28
1476,بُرَيْدَةَ,28
1477,فَلْيُصَلِّ,28
1478,صَلَاتِهِ,28
1479,أُرَى,28
1480,نُصَلِّي,28
1481,اغْفِرْ,28
1482,خَرَجُوا,28
1483,فَيُصَلِّي,28
1484,أَنَّهُمَا,28
1485,فِرَاشِهِ,28
1486,الزُّهْرِيَّ,28
1487,النَّارُ,28
1488,فَذَهَبْتُ,28
1489,رَكِبَ,28
1490,ذَاتِ,28
1491,اسْمَ,28
1492,قَوْلَهُ,28
1493,بَعْدَكَ,28
1494,رَوَاحَةَ,28
1495,خَرَجَتْ,28
1496,صَاعًا,28
1497,يَمِينٍ,28
1498,نَبِيٍّ,28
1499,بِالْجَنَّةِ,28
1500,امْرِئٍ,27
1501,بَعْضًا,27
1502,صَاحِبُ,27
1503,الْعِلْمِ,27
1504,أَفْضَلُ,27
1505,هَمَّامِ,27
1506,بِهِنَّ,27
1507,وَإِنَّهَا,27
1508,نَسِيتُ,27
1509,الصَّفِّ,27
1510,مُسْهِرٍ,27
1511,لَبَنٍ,27
1512,تَزَوَّجَ,27
1513,ذَلِكِ,27
1514,الْكَعْبَةَ,27
1515,عَبَّادِ,27
1516,الْمَغْرِبَ,27
1517,وَاحِدَةً,27
1518,وَحَدَّثَنَا,27
1519,رَأَيْتُنِي,27
1520,الدَّمَ,27
1521,لَكِ,27
1522,خَمْسًا,27
1523,زَالَ,27
1524,فَأَتَيْنَا,27
1525,صَالِحِ,27
1526,فَأَمَرَهُ,27
1527,قَالَهَا,27
1528,بِلَالًا,27
1529,أَيِّ,27
1530,أَرَدْتُ,27
1531,فَصَلُّوا,27
1532,سَجْدَتَيْنِ,27
1533,خَيْرُ,27
1534,تَكُونُوا,27
1535,يَخْرُجَ,27
1536,لِأَهْلِ,27
1537,عَمِلَ,27
1538,فَيَأْتُونَ,27
1539,سَهْلٌ,27
1540,الْبَابِ,27
1541,قُرَيْشًا,27
1542,اللَّيْلَ,27
1543,فَلَقِيتُ,27
1544,سَرَقَ,27
1545,بَلَغَتْ,27
1546,فَهِيَ,27
1547,تَبُوكَ,27
1548,لَيَالٍ,27
1549,مَالِهِ,27
1550,بَلَغَنِي,27
1551,الرُّؤْيَا,26
1552,لِذَلِكَ,26
1553,خَدِيجَةَ,26
1554,وَسَأَلْتُكَ,26
1555,رَأَتْ,26
1556,مُنَبِّهٍ,26
1557,حَوْلَ,26
1558,فَنَادَى,26
1559,كِتَابًا,26
1560,ثَلَاثَةُ,26
1561,يَذْكُرُ,26
1562,بَعَثَنِي,26
1563,وَمَثَلُ,26
1564,ثُمَامَةُ,26
1565,يَأْخُذُ,26
1566,ذَكْوَانَ,26
1567,قَلْبِي,26
1568,كَلِمَةً,26
1569,غَسَلَ,26
1570,ثَوْبٍ,26
1571,فَكَبَّرَ,26
1572,بَعْضَ,26
1573,غَزَا,26
1574,وَأَبَا,26
1575,لَيْثٌ,26
1576,الْخَيْلِ,26
1577,فَمَاتَ,26
1578,الْحَبَشَةِ,26
1579,فَذَكَرَتْ,26
1580,وَعَبْدَ,26
1581,وَالنَّصَارَى,26
1582,سَاجِدًا,26
1583,بَعْدَهَا,26
1584,رَبِّهِ,26
1585,كُلَّمَا,26
1586,الرَّكْعَةِ,26
1587,فَرَدَّ,26
1588,مَسْئُولٌ,26
1589,زَوْجِهَا,26
1590,هُمَا,26
1591,أَجَلْ,26
1592,زَوْجُهَا,26
1593,سُورَةُ,26
1594,غَيْرِي,26
1595,الْعَرْشِ,26
1596,أَتَتْ,25
1597,ظَهْرِهِ,25
1598,فِينَا,25
1599,الْإِيمَانُ,25
1600,خَيْرَ,25
1601,أَخَاهُ,25
1602,يَلْبَسُ,25
1603,أَصْحَابُ,25
1604,مِنْهُنَّ,25
1605,ذَنْبِهِ,25
1606,وَلَوْلَا,25
1607,عَوْفٌ,25
1608,الْمُؤَذِّنُ,25
1609,الْمُغِيرَةُ,25
1610,الْقَوْمَ,25
1611,جُلُوسٌ,25
1612,أَمْرِ,25
1613,أَثَرَ,25
1614,تُصَلِّي,25
1615,الدَّجَّالِ,25
1616,خَالِدِ,25
1617,بَيْتٍ,25
1618,سَوْدَةُ,25
1619,سَبْعًا,25
1620,حَاتِمٍ,25
1621,كُلُّهُمْ,25
1622,مِسْعَرٌ,25
1623,أَصْبَغُ,25
1624,جَعْفَرِ,25
1625,وَأَشَارَ,25
1626,بِوَجْهِهِ,25
1627,سَمُرَةَ,25
1628,فَقَالَا,25
1629,شَقِيقٍ,25
1630,أُرْسِلَ,25
1631,نَظَرَ,25
1632,تَرَوْنَ,25
1633,انْظُرْ,25
1634,دَيْنٌ,25
1635,حَسَّانُ,25
1636,مَالَ,25
1637,أَدْرَكَ,25
1638,الظُّهْرِ,25
1639,يَعْمَلُ,25
1640,يَسِيرُ,25
1641,عَشْرَ,25
1642,مَعْبَدٍ,25
1643,الْفِطْرِ,25
1644,وَاحِدَةٌ,25
1645,أَخَذَهَا,25
1646,قُرَيْشٌ,25
1647,فَإِنَّهُمْ,25
1648,أُمَيَّةُ,25
1649,آخِذٌ,25
1650,خَشِيتُ,24
1651,فَكَيْفَ,24
1652,فَلَوْ,24
1653,فَبَيْنَمَا,24
1654,عُلَيَّةَ,24
1655,مُسْلِمًا,24
1656,فِيكَ,24
1657,مَتَى,24
1658,الْحَرَامِ,24
1659,وَقَفَ,24
1660,تَكَلَّمَ,24
1661,ثَلَاثَةٌ,24
1662,حَقَّ,24
1663,يُقَاتِلُ,24
1664,وَسَعْدَيْكَ,24
1665,يَجِدُ,24
1666,شِمَالِهِ,24
1667,فَنَامَ,24
1668,يَزَالُ,24
1669,شَهِدْتُ,24
1670,عَمْرَو,24
1671,جَعْفَرُ,24
1672,أَكَانَ,24
1673,يُكَبِّرُ,24
1674,كَرِهَ,24
1675,خَمْسٌ,24
1676,جَمَعَ,24
1677,غَيْرَهَا,24
1678,زَائِدَةَ,24
1679,صَلَاتَهُ,24
1680,لَعْنَةُ,24
1681,مَرَضِهِ,24
1682,عَيْنَيْهِ,24
1683,وَحَدَّثَنِي,24
1684,خَدِيجٍ,24
1685,إِحْدَاهُمَا,24
1686,يَضْحَكُ,24
1687,أَفْضَلَ,24
1688,الْأَحْوَصِ,24
1689,الشَّمْسَ,24
1690,مُحَمَّدَ,24
1691,حِبَّانُ,24
1692,كُتِبَ,24
1693,ذَبَحَ,24
1694,أَرْجُو,24
1695,الْبِئْرِ,24
1696,الْأَمْرَ,24
1697,قَدِمْتُ,24
1698,فَأَعْطَاهُ,24
1699,تَمْرٍ,24
1700,جُنَاحَ,24
1701,بَعِيرًا,24
1702,فَعَلَيْهِ,24
1703,الدَّجَّالُ,24
1704,فَضَحِكَ,24
1705,بِالَّذِي,24
1706,سَعْدَ,24
1707,التَّيْمِيُّ,23
1708,حَدِيثِهِ,23
1709,يَزْعُمُ,23
1710,الْإِسْلَامُ,23
1711,قَلْبِهِ,23
1712,ذَهَبْتُ,23
1713,الدِّينِ,23
1714,قَيْسُ,23
1715,أَتَوْا,23
1716,النَّخْلَةُ,23
1717,عَمَّا,23
1718,فَأَرَدْتُ,23
1719,يَقْضِي,23
1720,}{,23
1721,أَسْمَاءُ,23
1722,الْمُؤْمِنُ,23
1723,بُرَيْدٍ,23
1724,فَجَعَلَتْ,23
1725,الْمَنَامِ,23
1726,قَبْلِي,23
1727,فَإِنَّا,23
1728,وَضَعَ,23
1729,عَطَاءُ,23
1730,بِيَمِينِهِ,23
1731,فَقَتَلَ,23
1732,الْعَبْدُ,23
1733,عَمِّي,23
1734,خَلَفٍ,23
1735,أَسْلَمْتُ,23
1736,الْحُسَيْنِ,23
1737,أَشْهُرٍ,23
1738,كُنْتِ,23
1739,آخِرُ,23
1740,وَلَكِنَّ,23
1741,غَيْرِهِ,23
1742,الْعَبَّاسُ,23
1743,نَفْسَهَا,23
1744,بَأْسَ,23
1745,أَصْحَابُهُ,23
1746,الْمُفَضَّلِ,23
1747,السُّجُودِ,23
1748,سَبْعِينَ,23
1749,فَانْطَلَقْنَا,23
1750,فَلَيْسَ,23
1751,حَدِيثَ,23
1752,دَارِهِ,23
1753,غَضْبَانُ,23
1754,قَيْسٌ,23
1755,الْقَمَرِ,23
1756,مَضَى,23
1757,خَبَّابٍ,23
1758,مُجَاهِدٌ,23
1759,أَيْضًا,23
1760,وَثَلَاثِينَ,23
1761,الْأَوَاخِرِ,23
1762,عَذَابِ,23
1763,يَغْفِرُ,23
1764,أَهْلُهُ,23
1765,أَعْطَاهُ,23
1766,بَارِكْ,23
1767,لِمَوْتِ,23
1768,ابْنَةُ,23
1769,كَأَنَّهَا,23
1770,جَلَسْتُ,23
1771,خَلِيفَةُ,23
1772,فَجَلَسْتُ,23
1773,رَمَى,23
1774,أَجْرٌ,23
1775,وَبَنِي,23
1776,زَيْنَبُ,23
1777,عَاشُورَاءَ,23
1778,أَلْفًا,23
1779,إِصْبَعٍ,23
1780,الثَّانِيَةَ,22
1781,الثَّالِثَةَ,22
1782,صَوْتًا,22
1783,الرُّسُلُ,22
1784,بِرَجُلٍ,22
1785,صَاحِبِهِ,22
1786,وَأَنَّهُ,22
1787,فَوَالَّذِي,22
1788,صَعْصَعَةَ,22
1789,لَقِيتُ,22
1790,عَرْعَرَةَ,22
1791,فَزَعَمْتَ,22
1792,الصَّخْرَةِ,22
1793,الْمَاءُ,22
1794,الرِّجَالُ,22
1795,أَمْرٌ,22
1796,شَدَّادٍ,22
1797,رَآنِي,22
1798,بَعْضُكُمْ,22
1799,أَجْرًا,22
1800,يَرْحَمُ,22
1801,لَأَنْ,22
1802,فَكُلْ,22
1803,يَمْسَحُ,22
1804,الْعَشْرَ,22
1805,الْمِسْوَرِ,22
1806,حَضَرَتْ,22
1807,الدَّارِ,22
1808,رَوْحُ,22
1809,أَتَيْتُهُ,22
1810,أَوَّلِ,22
1811,زَائِدَةُ,22
1812,ضَرَبَ,22
1813,خَلَّادُ,22
1814,أَحَدُنَا,22
1815,صَائِمٌ,22
1816,سَبْعَ,22
1817,حُيَيٍّ,22
1818,صَلَّيْتَ,22
1819,فَاغْفِرْ,22
1820,الْبَقَرَةِ,22
1821,الْبَابَ,22
1822,وَهُمَا,22
1823,زُرَارَةَ,22
1824,الْقَاسِمُ,22
1825,أَقَامَ,22
1826,مَرْوَانُ,22
1827,وَجَبَتْ,22
1828,يُنَادِي,22
1829,عَيَّاشٍ,22
1830,مُرُوا,22
1831,الْمَشْرِقِ,22
1832,بَعَثَكَ,22
1833,تَعْلَمُونَ,22
1834,عَنْكُمْ,22
1835,عِكْرِمَةُ,22
1836,السُّوقِ,22
1837,فَلَقَدْ,22
1838,رُكُوعًا,22
1839,الْمَوْتِ,22
1840,بَعَثَهُ,22
1841,الْقَعْدَةِ,22
1842,نِسَاءِ,22
1843,عَهِدَ,22
1844,ثَيِّبًا,22
1845,زَنَتْ,22
1846,زَرْعٍ,22
1847,الْخَمْرَ,22
1848,بَيْتًا,22
1849,ائْتُوا,22
1850,أَرْسَلَنِي,21
1851,جِئْتَ,21
1852,أَمْشِي,21
1853,أَصْحَابَهُ,21
1854,يَدْخُلَ,21
1855,أَمْرُ,21
1856,أَكُنْ,21
1857,فَقُولُوا,21
1858,الزَّكَاةِ,21
1859,الْجُعْفِيُّ,21
1860,الْمُسْلِمُ,21
1861,كُنَّ,21
1862,مُؤْمِنًا,21
1863,نَافِعُ,21
1864,صَامَ,21
1865,نَقُولُ,21
1866,مَكَانَ,21
1867,رَوْحٌ,21
1868,الْمَقْبُرِيُّ,21
1869,آمَنْتُ,21
1870,فِضَّةٍ,21
1871,آتَاهُ,21
1872,أُوَيْسٍ,21
1873,شَأْنُ,21
1874,اتَّخَذَ,21
1875,الْإِذْخِرَ,21
1876,وَهْبُ,21
1877,أَسْمَعُ,21
1878,فَانْطَلَقَا,21
1879,أَمْرًا,21
1880,تَعْنِي,21
1881,يَتَوَضَّأْ,21
1882,الْحِجَابِ,21
1883,شَرِبَ,21
1884,وَخَرَجَ,21
1885,فِيهِمَا,21
1886,تَصْنَعُ,21
1887,فَسَمِعَ,21
1888,أُنَاسٌ,21
1889,سَهْلَ,21
1890,غَيْلَانَ,21
1891,امْرَأَةُ,21
1892,الْعَوَّامِ,21
1893,حَسَّانَ,21
1894,مَسْجِدًا,21
1895,فُلَانُ,21
1896,بَعِيرٍ,21
1897,جُلُوسًا,21
1898,وَجَدْتُ,21
1899,النَّجَّارِ,21
1900,حَوْلَهُ,21
1901,التُّرَابَ,21
1902,أَيْمَنَ,21
1903,كَعْبَ,21
1904,ضَمْرَةَ,21
1905,الْهَادِ,21
1906,عَمَلُهُ,21
1907,قَدِمُوا,21
1908,الْحَسَنَ,21
1909,بِخَيْرٍ,21
1910,وَعَبْدِ,21
1911,الْعَبَّاسِ,21
1912,بِكُمْ,21
1913,رَآهُ,21
1914,طَهْمَانَ,21
1915,الْعَالَمِينَ,21
1916,أَنْجِ,21
1917,رَأَيْتُمْ,21
1918,الْعَشْرِ,21
1919,عِبَادِهِ,21
1920,الْمَدِينَةُ,21
1921,أَمَرَنَا,21
1922,فَأَثْنَى,21
1923,سُورَةَ,21
1924,الْكَرِيمِ,21
1925,بِيَدِ,21
1926,سَمِعَتْ,21
1927,الْمَوْتَ,21
1928,الْآخَرِ,21
1929,سَلُولَ,21
1930,زَكَرِيَّاءَ,21
1931,يَسْتَأْذِنُ,21
1932,بِشَاةٍ,21
1933,زَمَانٌ,21
1934,حِزَامٍ,21
1935,يَحِلَّ,21
1936,مِائَةً,21
1937,الرَّهْطُ,21
1938,الْمُؤْمِنِ,21
1939,الْأَنْصَارَ,21
1940,عَبِيدَةَ,21
1941,مِسْطَحٍ,21
1942,اقْضِ,21
1943,يَرْجِعُ,20
1944,هِرَقْلَ,20
1945,الْإِيمَانِ,20
1946,يَكْرَهُ,20
1947,الْجِبَالِ,20
1948,غَفَرَ,20
1949,أُمَامَةَ,20
1950,وَمُوسَى,20
1951,أُرِيتُ,20
1952,الْقَدْرِ,20
1953,بَشِيرٍ,20
1954,شَرِيكَ,20
1955,الْأَمْرُ,20
1956,تَخَلَّفَ,20
1957,فَأَعْرَضَ,20
1958,يَأْتِيَ,20
1959,الْحُوتَ,20
1960,بُرَيْدِ,20
1961,فَأَحْسَنَ,20
1962,شُرَيْحٍ,20
1963,بَلَّغْتُ,20
1964,كِتَابُ,20
1965,قُومُوا,20
1966,آيَتَانِ,20
1967,بِمُوسَى,20
1968,يَرُدَّ,20
1969,قَاتَلَ,20
1970,مَرَّةٍ,20
1971,بِالْمَاءِ,20
1972,جَنْبِهِ,20
1973,فَقَضَى,20
1974,وَالْعَصْرَ,20
1975,مَحْمُودُ,20
1976,صَوْتَ,20
1977,الدَّمِ,20
1978,ثَلَاثِينَ,20
1979,مُحْرِمٌ,20
1980,تُصَلِّ,20
1981,التَّنْعِيمِ,20
1982,دَخَلْنَا,20
1983,أَنَّا,20
1984,صَوْتَهُ,20
1985,وَايْمُ,20
1986,بِهَذِهِ,20
1987,قَائِلٌ,20
1988,سَأَلْتُهُ,20
1989,الْعَامِ,20
1990,نَبِيِّ,20
1991,حَسَنَةٌ,20
1992,رِدَاءَهُ,20
1993,يَذْكُرْ,20
1994,صَعِدَ,20
1995,الْخَمْرِ,20
1996,وَالشَّمْسُ,20
1997,صَلَّيْنَا,20
1998,عَمَلًا,20
1999,سَمِعْنَا,20
2000,وَجْهُ,20
2001,فَتَبَسَّمَ,20
2002,الْكُوفَةِ,20
2003,السِّنِّ,20
2004,فَكَتَبَ,20
2005,الْمَالُ,20
2006,الْأَحْزَابِ,20
2007,وَعِنْدِي,20
2008,بِبَعْضِ,20
2009,أَرْقَمَ,20
2010,آيَاتِ,20
2011,فِيهِنَّ,20
2012,فَصُمْ,20
2013,بَلَغَنَا,20
2014,حَقُّ,20
2015,الرَّايَةَ,20
2016,يَرُدُّ,20
2017,أَخَذَهُ,20
2018,فَقَدِمَ,20
2019,وَقَعْتُ,20
2020,يَشْتَرُونَ,20
2021,مَعْلُومٍ,20
2022,نَزَلُوا,20
2023,الْإِفْكِ,20
2024,الرَّضَاعَةِ,20
2025,يَلُونَهُمْ,20
2026,وَأَنْزَلَ,20
2027,الرَّجْمِ,20
2028,هُنَاكُمْ,20
2029,الْمَلَكُ,19
2030,بِمِثْلِ,19
2031,بِالشَّأْمِ,19
2032,ظَهَرَ,19
2033,الطَّعَامَ,19
2034,حُنَيْفٍ,19
2035,ارْجِعْ,19
2036,عَظِيمٌ,19
2037,قِيرَاطٍ,19
2038,السَّاعَةَ,19
2039,فَوَقَعَ,19
2040,الْفَزَارِيُّ,19
2041,أُبَيُّ,19
2042,حِمَارٍ,19
2043,أَيَّ,19
2044,عُقْبَةُ,19
2045,ثَوْرٍ,19
2046,أَجْرَانِ,19
2047,ثَوْبِهِ,19
2048,رَكَعَاتٍ,19
2049,ثَمَّ,19
2050,الْخَضِرُ,19
2051,بِرَأْسِهِ,19
2052,يَشْهَدُ,19
2053,وَقَامَ,19
2054,يَنَامُ,19
2055,الْأَنْبِيَاءِ,19
2056,أُقِيمَتْ,19
2057,آيَةَ,19
2058,فَأَخَذْتُ,19
2059,يَمِينَهُ,19
2060,يَمُرُّ,19
2061,أَصَابِعِهِ,19
2062,تَأْكُلْ,19
2063,سَعْدًا,19
2064,لَعَلَّهُ,19
2065,الْحَرَّةِ,19
2066,الْمَسْجِدُ,19
2067,أُعْطِيَ,19
2068,الْهَدْيَ,19
2069,الْخَيْرَ,19
2070,حَبِيبَةَ,19
2071,الْأَرْضُ,19
2072,سَارَ,19
2073,وَهَذِهِ,19
2074,ضَحِكَ,19
2075,خُذْ,19
2076,فَأَصْبَحَ,19
2077,الطَّوِيلِ,19
2078,هِلَالِ,19
2079,الْمُنَافِقِينَ,19
2080,رَبِّنَا,19
2081,نِصْفَ,19
2082,بَرِيرَةُ,19
2083,وَعُثْمَانُ,19
2084,هُدْبَةُ,19
2085,صَبَّاحٍ,19
2086,فَأَكَلُوا,19
2087,الْفَجْرُ,19
2088,أَفْطَرَ,19
2089,فَوَجَدَ,19
2090,وُضِعَ,19
2091,الْمُهَاجِرُونَ,19
2092,وَعُمَرَ,19
2093,وَمِنْهُمْ,19
2094,سَبْعَةِ,19
2095,ذَكَرْتُ,19
2096,أَنْفُسِهِمْ,19
2097,لَحْمٍ,19
2098,صَدَقَةً,19
2099,هَلَكَتْ,19
2100,لِسُفْيَانَ,19
2101,الذَّهَبِ,19
2102,مَالٍ,19
2103,سَهْلُ,19
2104,فَقُلْ,19
2105,الْمَوْتُ,19
2106,عُنُقَهُ,19
2107,لَهَبٍ,19
2108,قَبْلُ,19
2109,ثَلَاثِ,19
2110,يَقْتُلُ,19
2111,سَاعِدَةَ,19
2112,يَرْجِعَ,19
2113,مَعَكُمْ,19
2114,يَدِي,19
2115,فَسَمِعْتُ,19
2116,طَلَّقَ,19
2117,مَهْدِيٍّ,19
2118,تَابَ,19
2119,وَلَئِنْ,19
2120,فَقَتَلَهُ,19
2121,يَجْعَلَنِي,19
2122,أَفَاءَ,19
2123,وَعَبَّاسٍ,19
2124,قَتَلَهُ,19
2125,سَبْعُونَ,19
2126,زَمِّلُونِي,18
2127,الْإِسْلَامَ,18
2128,صَالِحُ,18
2129,سُوَيْدٍ,18
2130,السَّلَامِ,18
2131,يَسْأَلُ,18
2132,بِأَمْرٍ,18
2133,الشَّجَرِ,18
2134,اللَّيْثِيِّ,18
2135,ظَنَنَّا,18
2136,فَدَعَاهُ,18
2137,صَالِحًا,18
2138,تَبْكِي,18
2139,وَلَهَا,18
2140,وَبِلَالٌ,18
2141,حَجَّاجٌ,18
2142,وَكَيْفَ,18
2143,نَفْسٍ,18
2144,يَجِيءُ,18
2145,ثَوْبًا,18
2146,فَمَضْمَضَ,18
2147,مَسَحَ,18
2148,يَسْجُدُ,18
2149,رَأَوْا,18
2150,كُلِّهِ,18
2151,فَمَسَحَ,18
2152,يَغْتَسِلُ,18
2153,مُجَاهِدًا,18
2154,هُرْمُزَ,18
2155,وَعَلَيْكَ,18
2156,حَدَّثَتْهُ,18
2157,هَدْيٌ,18
2158,مَاتَتْ,18
2159,تَحْتَهُ,18
2160,قَوْمِهِ,18
2161,أَشَدُّ,18
2162,زَمْزَمَ,18
2163,الثَّانِيَةِ,18
2164,رَبَّكَ,18
2165,زَعَمَ,18
2166,أَسْفَلَ,18
2167,قُرَيْظَةَ,18
2168,حَرِيرٍ,18
2169,يَدِ,18
2170,أَخْبَرَاهُ,18
2171,الْمِنْبَرَ,18
2172,أَهْلُهَا,18
2173,فُضَيْلُ,18
2174,الْجَبَلِ,18
2175,ثَلَاثَةِ,18
2176,أَخَّرَ,18
2177,عَلِمْتَ,18
2178,عَبَّادٍ,18
2179,شَقِيقٌ,18
2180,بَابًا,18
2181,لِبَنِي,18
2182,الْمِنْهَالِ,18
2183,زَالَتْ,18
2184,طَلَعَ,18
2185,عَيْنَاهُ,18
2186,امْرَأَتُهُ,18
2187,كُلُوا,18
2188,نَارًا,18
2189,تَرَكْنَا,18
2190,بِسَبْعٍ,18
2191,أَعْظَمُ,18
2192,فَرَسًا,18
2193,أَحْسِبُهُ,18
2194,رَبُّكُمْ,18
2195,مَكَانَهُ,18
2196,وَرَحْمَةُ,18
2197,فَأَرْسَلَتْ,18
2198,وَزَيْدُ,18
2199,عَنْبَسَةُ,18
2200,عَشْرًا,18
2201,وَتَعَالَى,18
2202,وَجَاءَ,18
2203,وَقُلْ,18
2204,وَقُلْتُ,18
2205,فَأُصِيبَ,18
2206,تُوُفِّيَتْ,18
2207,سَلَمَةُ,18
2208,عَذَابًا,18
2209,الْغُلَامُ,18
2210,أَخْشَى,18
2211,رَهْطٍ,18
2212,قَامَتْ,18
2213,يُنْفِقُ,18
2214,بُعِثَ,18
2215,الْمَالَ,18
2216,شَهِيدًا,18
2217,وَلِأَهْلِ,18
2218,وَيْلَكَ,18
2219,أَرْضِ,18
2220,الزُّورِ,18
2221,تِسْعًا,18
2222,وَلِيدَةِ,18
2223,بِعَهْدِ,18
2224,ثَمَنًا,18
2225,جَارِيَةٌ,18
2226,بَايَعَ,18
2227,أَوَلَمْ,18
2228,كَذَبْتَ,18
2229,رَبُّ,18
2230,تِسْعَ,18
2231,وَبَشِّرْهُ,18
2232,يَنْزِلُ,17
2233,بِاسْمِ,17
2234,نَدْرِي,17
2235,أَعْرِفُ,17
2236,وَ,17
2237,كَلِمَةٍ,17
2238,أَدْخَلَ,17
2239,يُخْبِرُ,17
2240,اطَّلَعَ,17
2241,أَكُونَ,17
2242,وَالنَّاسِ,17
2243,أَجْمَعِينَ,17
2244,الثَّقَفِيُّ,17
2245,ثَلَاثٌ,17
2246,الْكُفْرِ,17
2247,الْفِتَنِ,17
2248,أُقْتَلُ,17
2249,سَبْعِ,17
2250,جُمُعَةٍ,17
2251,أَرْبَعٍ,17
2252,بَايَعْتُ,17
2253,فُلَيْحٍ,17
2254,أَخُو,17
2255,إِنْسَانٌ,17
2256,بَيْنَكُمْ,17
2257,صَاحِبِ,17
2258,لَأَرَى,17
2259,جَاءَنَا,17
2260,عَطَاءً,17
2261,بِالصَّدَقَةِ,17
2262,وَأَحْسِبُهُ,17
2263,فَتْحِ,17
2264,يَبْقَى,17
2265,رِقَابَ,17
2266,صَبْرًا,17
2267,فَلْيَلْبَسْ,17
2268,اضْطَجَعَ,17
2269,يَتَوَضَّأُ,17
2270,الْقِبْلَةَ,17
2271,فُلَيْحُ,17
2272,أَصْحَابِكَ,17
2273,قِبَلِ,17
2274,لِلصَّلَاةِ,17
2275,الْمُصَلَّى,17
2276,مُغِيرَةَ,17
2277,حَاتِمُ,17
2278,وَبَقِيَ,17
2279,رِجْلَاهُ,17
2280,بَيْنِ,17
2281,فَأَلْقَى,17
2282,فَانْطَلَقُوا,17
2283,النَّهَارُ,17
2284,قَدَمَيْهِ,17
2285,وَالْمَرْأَةُ,17
2286,لِأَنَسٍ,17
2287,أَخْبَرَتْنِي,17
2288,حِينَئِذٍ,17
2289,فَأَرَادَ,17
2290,نِصْفِ,17
2291,بَطْنِ,17
2292,وَمِنَّا,17
2293,رَخَّصَ,17
2294,لِهَذَا,17
2295,فَتَحَ,17
2296,الْحَجَّةِ,17
2297,يَطُوفَ,17
2298,أَعْلَى,17
2299,كُلِّهَا,17
2300,وَسَجَدَ,17
2301,تُحِبُّ,17
2302,بِأَرْضِ,17
2303,الرِّبَا,17
2304,أُصِيبَ,17
2305,نَوْفَلٍ,17
2306,وَمَالِهِ,17
2307,وَدَخَلَ,17
2308,الْحَجَّاجُ,17
2309,مُغَفَّلٍ,17
2310,حُصَيْنٌ,17
2311,الْحَذَّاءِ,17
2312,أَسْتَطِيعُ,17
2313,حُسَيْنٌ,17
2314,الرَّسُولُ,17
2315,مِنْكِ,17
2316,الْبَرَاءُ,17
2317,رَجَعُوا,17
2318,وَهْوَ,17
2319,لِأَصْحَابِهِ,17
2320,حَدِيثُ,17
2321,فَالْتَفَتَ,17
2322,عَتِيقٍ,17
2323,صَفْوَانُ,17
2324,وَالرَّجُلُ,17
2325,الْمَجْلِسِ,17
2326,عَبْدٌ,17
2327,يَأْكُلَ,17
2328,جَاءَكَ,17
2329,تَأْتِي,17
2330,رَجَعْنَا,17
2331,التَّمْرِ,17
2332,أَوْسٍ,17
2333,رَأْسِ,17
2334,تَبَارَكَ,17
2335,يَوْمَيْنِ,17
2336,رَجَعْتُ,17
2337,الْمَرِيضِ,17
2338,فَلَنْ,17
2339,بَدَتْ,17
2340,تَفْعَلْ,17
2341,عَبْدِي,17
2342,دُعِيَ,17
2343,شَرًّا,17
2344,وَالْآخَرُ,17
2345,رَسُولَهُ,17
2346,تُنْفِقُوا,17
2347,الْخَيْرُ,17
2348,زَوْجِي,17
2349,فَأَعْطَانِي,17
2350,يُدْعَى,17
2351,طَعَامٍ,17
2352,نَصْرُ,17
2353,ارْكَبْهَا,17
2354,آلُ,17
2355,تَجِدُ,17
2356,نَفْسُ,17
2357,امْرَأَتِي,17
2358,تَسْتَطِيعُ,17
2359,أَوْلَى,17
2360,الدَّغِنَةِ,17
2361,قَضَاءً,17
2362,حَسَنَاتٍ,17
2363,الْيَهُودِيُّ,17
2364,الْمُؤْمِنُونَ,17
2365,رَبِّهِمْ,17
2366,بِسَهْمٍ,17
2367,شَاءَتْ,17
2368,جَاءَكُمْ,17
2369,خُبَيْبٌ,17
2370,خَدِيجَةُ,16
2371,كَلَّا,16
2372,امْرَأً,16
2373,الرُّومِ,16
2374,أَيُّكُمْ,16
2375,تُشْرِكُوا,16
2376,آنِفًا,16
2377,دَاوُدُ,16
2378,أَحَدُ,16
2379,جَانِبِ,16
2380,الدِّينَ,16
2381,الْمَقْدِسِ,16
2382,ذَرَّةٍ,16
2383,الرَّأْسِ,16
2384,بِأَرْبَعٍ,16
2385,سَلْ,16
2386,اثْنَتَيْنِ,16
2387,الْغَيْثِ,16
2388,حَرَامٍ,16
2389,فَرَكِبَ,16
2390,أَبُوكَ,16
2391,يَسِيرًا,16
2392,حَلَّتْ,16
2393,وَيَحْيَى,16
2394,خَالَتِي,16
2395,مَنْزِلِهِ,16
2396,السَّفِينَةِ,16
2397,فَحَدَّثْتُ,16
2398,الْكَعْبَيْنِ,16
2399,اسْتَطَاعَ,16
2400,فَلْيَفْعَلْ,16
2401,يُصَلِّ,16
2402,الْيُسْرَى,16
2403,بَيْتَ,16
2404,قَاعِدًا,16
2405,حَزْمٍ,16
2406,الْأُوَيْسِيُّ,16
2407,بِإِنَاءٍ,16
2408,أَرْسَلْتَ,16
2409,خَسَفَتْ,16
2410,النُّبُوَّةِ,16
2411,وَاحِدَةٍ,16
2412,الثَّوْبِ,16
2413,الشَّعَرِ,16
2414,رَبُّهُ,16
2415,فَكَرِهْتُ,16
2416,الْقَاسِمَ,16
2417,الصِّدِّيقِ,16
2418,اعْتَكَفَ,16
2419,قَضَيْتُ,16
2420,أَزَلْ,16
2421,فَأَقَامَ,16
2422,بِئْرِ,16
2423,وَالْأَرْضَ,16
2424,قَوْلُ,16
2425,وَيُقَالُ,16
2426,بَيْتِهَا,16
2427,قُبَّةٍ,16
2428,أَدَمٍ,16
2429,سَأَلُوا,16
2430,الصَّلْتُ,16
2431,وَجْهِكَ,16
2432,آتٍ,16
2433,قَبْرِهِ,16
2434,ثَمَنَهُ,16
2435,بُيُوتِكُمْ,16
2436,بِرِدَائِهِ,16
2437,دَيْنًا,16
2438,ثُمَامَةَ,16
2439,فَقَعَدَ,16
2440,بِحَجَرٍ,16
2441,وَفْدُ,16
2442,الْحَيِّ,16
2443,يَبْكِي,16
2444,قِيرَاطَيْنِ,16
2445,رَافِعِ,16
2446,وَتَقُولُ,16
2447,أُنَاسًا,16
2448,اثْنَيْنِ,16
2449,فَذَكَرُوا,16
2450,سَمِعْتُمْ,16
2451,يَعْلَمُونَ,16
2452,مَكْتُومٍ,16
2453,عَيَّاشُ,16
2454,قَوْمَهُ,16
2455,أَفَاقَ,16
2456,بِأَنْ,16
2457,مُعَاذًا,16
2458,أَحْسِبُ,16
2459,حُجْرَةِ,16
2460,تَطْمَئِنَّ,16
2461,رَبُّكَ,16
2462,رَبُّنَا,16
2463,أَفْعَلُ,16
2464,قَدِيرٌ,16
2465,الْأَوَّلِينَ,16
2466,خَلَاقَ,16
2467,الْعَدُوِّ,16
2468,جَذَعَةٌ,16
2469,صَالِحٌ,16
2470,لِحَيَاتِهِ,16
2471,حَاجَةٌ,16
2472,رَبَاحٍ,16
2473,لَعَلَّ,16
2474,سُوَيْدِ,16
2475,وَا,16
2476,الْقُرْآنُ,16
2477,بِكُلِّ,16
2478,شَهِيدٌ,16
2479,صَنَعْتَ,16
2480,فَرْوَةُ,16
2481,أَخْبِرْنِي,16
2482,فَعَرَفْتُ,16
2483,وَحَتَّى,16
2484,دِرْهَمًا,16
2485,الْهِجْرَةِ,16
2486,شَاةٌ,16
2487,هَدِيَّةٌ,16
2488,أَمْرٍ,16
2489,حَاتِمٌ,16
2490,رَمَضَانُ,16
2491,يَصُومُ,16
2492,لَيْسَتْ,16
2493,يَدَ,16
2494,الْحُمَّى,16
2495,وَنَهَى,16
2496,تَزَوَّجْتُ,16
2497,الْوَلَدُ,16
2498,وَزَيْدِ,16
2499,حُرِّمَتْ,16
2500,فَهَلَّا,16
2501,عَذَابٌ,16
2502,الْحَوْضِ,16
2503,مِثْقَالَ,16
2504,بِالسَّيْفِ,16
2505,شَأْنِي,16
2506,الْجَرَّاحِ,16
2507,فَأَتَوْا,16
2508,الرَّجْمَ,16
2509,خُزَيْمَةَ,16
2510,وَادِيًا,16
2511,السَّامُ,16
2512,أَحْمِلُكُمْ,16
2513,أُسْرِيَ,16
2514,طَيِّبٌ,16
2515,بَصَرِي,15
2516,جَاءَنِي,15
2517,كَثُرَ,15
2518,النَّفْسِ,15
2519,خَبَرِ,15
2520,الْعَمَلِ,15
2521,فَتَرَكَ,15
2522,إِحْدَاهُنَّ,15
2523,سَبْعَةَ,15
2524,طَارِقِ,15
2525,صَلَوَاتٍ,15
2526,كُلَّهُ,15
2527,الْقَيْسِ,15
2528,شَهَادَةُ,15
2529,امْرَأَتِكَ,15
2530,اسْمِهِ,15
2531,فَأَيُّ,15
2532,يُعْطِي,15
2533,الزُّبَيْدِيُّ,15
2534,أُتِيتُ,15
2535,فَشَرِبْتُ,15
2536,عَلِمْنَا,15
2537,سَأَلَهُ,15
2538,رَبُّهَا,15
2539,الْعِبَادِ,15
2540,قَتَلُوا,15
2541,اكْتُبْ,15
2542,الْعِشَاءَ,15
2543,عِبَادِي,15
2544,أَعْلَمُهُ,15
2545,نَفْسًا,15
2546,الْمُحْرِمُ,15
2547,فَبَالَ,15
2548,الْحِجَابُ,15
2549,الْإِنَاءِ,15
2550,ذَكَرَهُ,15
2551,أَسْأَلَ,15
2552,الْآيَاتِ,15
2553,مُنِيرٍ,15
2554,فَأَخْبَرْتُ,15
2555,وَأَقْبَلَ,15
2556,شَاةٍ,15
2557,فَأَكَلْنَا,15
2558,الْفِطْرَةِ,15
2559,اغْتَسَلَ,15
2560,حَنْظَلَةَ,15
2561,الْحَجَرُ,15
2562,عَلِيَّ,15
2563,أَزْوَاجِهِ,15
2564,أَرْبَعَةَ,15
2565,أَمْرِهِ,15
2566,شَبَابَةُ,15
2567,فَخِذِي,15
2568,رَدَّ,15
2569,عَمَّارٌ,15
2570,وَرَفَعَ,15
2571,فَدَخَلُوا,15
2572,فَأَيْنَ,15
2573,الْقَهْقَرَى,15
2574,كَالْيَوْمِ,15
2575,تَدْخُلُوا,15
2576,مَرَّتْ,15
2577,تُرَابٍ,15
2578,يَعْمَلْ,15
2579,فَلَبِثَ,15
2580,السَّائِبِ,15
2581,أَبَوَيَّ,15
2582,وَكَبَّرَ,15
2583,سَالِمًا,15
2584,وَادٍ,15
2585,أَبَى,15
2586,دَارِ,15
2587,الْوَالِدَيْنِ,15
2588,رَأَيْنَا,15
2589,قَبْلَهَا,15
2590,غَزْوَةٍ,15
2591,رَبَّكُمْ,15
2592,قِيرَاطًا,15
2593,الْبَدْرِ,15
2594,سِتِّينَ,15
2595,بِلَيْلٍ,15
2596,انْطَلَقْتُ,15
2597,وَأَشْهَدُ,15
2598,يَأْمُرُ,15
2599,رِجَالٍ,15
2600,السَّمَّانِ,15
2601,سَلِمَةَ,15
2602,فَصَلِّ,15
2603,فَكَشَفَ,15
2604,الْحِجَابَ,15
2605,أُمُّهُ,15
2606,لَيَالِيَ,15
2607,الرُّكُوعَ,15
2608,فَإِنَّكُمْ,15
2609,الْمَلَائِكَةَ,15
2610,وَيْحَكَ,15
2611,أَحْمَدَ,15
2612,أَحَدَ,15
2613,الْجُمُعَةَ,15
2614,فَأَعْطَى,15
2615,الدَّهْرِ,15
2616,يُقِيمَ,15
2617,سَنَةٌ,15
2618,وَيَقُولُونَ,15
2619,تَمَرَاتٍ,15
2620,مِجْلَزٍ,15
2621,نَفْسٌ,15
2622,الْهَدْيُ,15
2623,لِامْرَأَةٍ,15
2624,الْعَيْنِ,15
2625,أُنَاسٍ,15
2626,لَأَرْجُو,15
2627,فَنَزَعَ,15
2628,لِعُثْمَانَ,15
2629,وَابْنِ,15
2630,جَاءُوا,15
2631,يَوْمِي,15
2632,إِبِلٍ,15
2633,وَتِسْعِينَ,15
2634,سَمِعْتَهُ,15
2635,اسْتَعْمَلَ,15
2636,الْجِهَادِ,15
2637,هَذَانِ,15
2638,اعْمَلُوا,15
2639,زُهَيْرُ,15
2640,يَسُوقُ,15
2641,وَيَذْكُرُ,15
2642,عُجْرَةَ,15
2643,أَهْلَكَ,15
2644,احْتَجَمَ,15
2645,وَالْمَلَائِكَةِ,15
2646,طَعَامٌ,15
2647,انْزِلْ,15
2648,فَاجْدَحْ,15
2649,وَبَارِكْ,15
2650,وَأَيْمَانِهِمْ,15
2651,وَأَنْتُمْ,15
2652,اتَّقِ,15
2653,الْأَشْعَرِيِّينَ,15
2654,سَيِّدُ,15
2655,هَوَازِنَ,15
2656,عَمَلِهِ,15
2657,النَّضِيرِ,15
2658,عَيْنًا,15
2659,الْيَمَامَةِ,15
2660,يَسْرِقُ,15
2661,الْحَرِيرِ,15
2662,وَسَلْ,15
2663,أَنْفُسِكُمْ,15
2664,بِأَرْضٍ,15
2665,مِثْلَهَا,15
2666,وَفُلَانًا,15
2667,أَعْوَرُ,15
2668,نُورَثُ,15
2669,بِعَمَلِ,15
2670,الرَّاكِبُ,15
2671,عِبَادَ,15
2672,يَمْرُقُونَ,15
2673,يَأْتِينِي,14
2674,وَرَقَةُ,14
2675,لَيْتَنِي,14
2676,أَظُنُّ,14
2677,قَدَمِهِ,14
2678,وَيُونُسُ,14
2679,لِنَفْسِهِ,14
2680,الْعَقَبَةِ,14
2681,أَمَرَهُمْ,14
2682,تَرَ,14
2683,أُمِرْتُ,14
2684,إِيمَانًا,14
2685,أَجْرٍ,14
2686,أَبَانُ,14
2687,النُّعْمَانَ,14
2688,الشَّهْرِ,14
2689,فَأَمَرَهُمْ,14
2690,جَرِيرِ,14
2691,وَرَبِّ,14
2692,نَمِرٍ,14
2693,أَنْشُدُكَ,14
2694,يَقْرَءُونَ,14
2695,سَيُسَمِّيهِ,14
2696,أَسْمَعْهُ,14
2697,فَأَوْحَى,14
2698,كِتَابِهِ,14
2699,طَائِفَةً,14
2700,حَجَّتِهِ,14
2701,فَأَشَارَتْ,14
2702,وَالنَّارُ,14
2703,الدُّبَّاءِ,14
2704,غَضَبًا,14
2705,الْجُهَنِيِّ,14
2706,أَشْيَاءَ,14
2707,نَهَارٍ,14
2708,مَقْعَدَهُ,14
2709,مُطَرِّفٍ,14
2710,وَجَعُهُ,14
2711,أَمْوَالِهِمْ,14
2712,بِيَدَيْهِ,14
2713,تَرْجِعُوا,14
2714,كُفَّارًا,14
2715,بَقِيَّةَ,14
2716,بِثَوْبِهِ,14
2717,نَقَصَ,14
2718,أَهْلَهَا,14
2719,الْعُلْيَا,14
2720,رِيحًا,14
2721,تَنَامُ,14
2722,أَنَاخَ,14
2723,وَاسْتَنْشَقَ,14
2724,وَرْقَاءُ,14
2725,ظَهْرَهُ,14
2726,حَبَّانَ,14
2727,مِرَارٍ,14
2728,وَيُصَلِّي,14
2729,يَدْرِي,14
2730,يَدُهُ,14
2731,كَلْبًا,14
2732,بَاتَ,14
2733,اللَّيْلُ,14
2734,لَعَلِّي,14
2735,يُكْثِرُ,14
2736,حَدَّثَكَ,14
2737,عَنْكِ,14
2738,ظَهْرِي,14
2739,إِنَاءٍ,14
2740,وَبَيْنَهَا,14
2741,فَطَفِقَ,14
2742,اللَّيْلَةِ,14
2743,الْمَرْأَةَ,14
2744,فَقُلْنَ,14
2745,فَرُبَّمَا,14
2746,اسْمُهُ,14
2747,أَبْزَى,14
2748,فَسَارَ,14
2749,الْعَالِيَةِ,14
2750,عَمَّارٍ,14
2751,بِقَوْلِ,14
2752,يَصْنَعُ,14
2753,انْتَهَى,14
2754,مُشْرِكٌ,14
2755,خَيْبَرُ,14
2756,أَعْطَيْتَ,14
2757,بِالتَّمْرِ,14
2758,جُعِلَ,14
2759,الْحَرِّ,14
2760,بُحَيْنَةَ,14
2761,يَقُولُوا,14
2762,قُرْآنٌ,14
2763,أُصَلِّيَ,14
2764,وَفِيهِ,14
2765,الْآخِرَهْ,14
2766,يَفْعَلُهُ,14
2767,بُسْرِ,14
2768,مَثْنَى,14
2769,الْيَدَيْنِ,14
2770,الْمُقَدَّمِيُّ,14
2771,قَرَأْتُ,14
2772,وَأَنْهَاكُمْ,14
2773,الْفِتْنَةِ,14
2774,أَيٌّ,14
2775,تَطْلُعَ,14
2776,نَفَرٌ,14
2777,حَبَّانُ,14
2778,أَبَانَ,14
2779,غَرَبَتْ,14
2780,خَطَبَنَا,14
2781,يَتَحَدَّثُونَ,14
2782,لَبِثَ,14
2783,يُؤَذِّنُ,14
2784,سَكَتَ,14
2785,صَلُّوا,14
2786,فَفَعَلَتْ,14
2787,أَيُّهُمْ,14
2788,فَأَكُونُ,14
2789,قُولُوا,14
2790,كَثِيرِ,14
2791,سَلْمَانَ,14
2792,فَتَشَهَّدَ,14
2793,فَسَمِعْتُهُ,14
2794,غَزَوْتُ,14
2795,لِأَهْلِهِ,14
2796,السِّلَاحَ,14
2797,يُجِبْهُ,14
2798,فَكُنَّا,14
2799,الْقَتْلُ,14
2800,وَالْقَمَرَ,14
2801,فَرَأَيْتُهُ,14
2802,اشْتَكَى,14
2803,أَشْعَثَ,14
2804,أَرْبَعُونَ,14
2805,فَفِي,14
2806,أَظُنُّهُ,14
2807,يَمْنَعُكَ,14
2808,وَنَهَانَا,14
2809,وَسَمِعْتُ,14
2810,امْرَأَةِ,14
2811,نَهَانَا,14
2812,يَهُودِيٍّ,14
2813,صَاحِبَ,14
2814,اسْمُ,14
2815,الْمَرْءُ,14
2816,رَأْسَكَ,14
2817,شَرَحَ,14
2818,فَذَاكَ,14
2819,وَإِلَى,14
2820,شَدِيدٌ,14
2821,الْبِرَّ,14
2822,الْأَقْرَبِينَ,14
2823,يُعْطِهِ,14
2824,الْعُمْرَةِ,14
2825,كَدَاءٍ,14
2826,كُلَّهَا,14
2827,جَمَعْتُ,14
2828,قَفَلَ,14
2829,لَابَتَيْهَا,14
2830,رَقَبَةً,14
2831,مِسْكِينًا,14
2832,أُطِيقُ,14
2833,وَوَلَدًا,14
2834,بَارَكَ,14
2835,الدُّبَّاءَ,14
2836,رِبًا,14
2837,فَأَخَذَهُ,14
2838,بِمِائَةِ,14
2839,لِلَّذِي,14
2840,مَلِكٌ,14
2841,مَالُ,14
2842,رَبَطَهَا,14
2843,يَحْلِفُ,14
2844,دِرْهَمٍ,14
2845,بِالْقُرْآنِ,14
2846,جَلْدُ,14
2847,وَتَغْرِيبُ,14
2848,لِعَلِيٍّ,14
2849,أَوْصَى,14
2850,ذَكَرْتَ,14
2851,وَأَمَّرَ,14
2852,إِلَيْكُمَا,14
2853,الْأَهْلِيَّةِ,14
2854,الْمَجِيءُ,14
2855,خَلَقَكَ,14
2856,وَاشْفَعْ,14
2857,تُشَفَّعْ,14
2858,الرَّمِيَّةِ,14
2859,عُوَيْمِرٌ,14
2860,فَهِجْرَتُهُ,13
2861,الْخَبَرَ,13
2862,شَيْخًا,13
2863,بِالْخَيْرِ,13
2864,فَدَعَاهُمْ,13
2865,هَاتَيْنِ,13
2866,الْأُمَّةِ,13
2867,كِتَابٌ,13
2868,تَأْتُوا,13
2869,تَأَخَّرَ,13
2870,الْحَيَاةِ,13
2871,وَغَيْرُهُ,13
2872,الْمُنَافِقِ,13
2873,وَعَدَ,13
2874,عُمَارَةُ,13
2875,أَشُقَّ,13
2876,وَلَّى,13
2877,وَفُلَانٌ,13
2878,تَرَاهُ,13
2879,شَهْرَيْنِ,13
2880,أَنْفَقَ,13
2881,فَكَرِهَ,13
2882,جَمَلٍ,13
2883,الثَّلَاثَةِ,13
2884,يَوْمِكُمْ,13
2885,أَقُولَ,13
2886,فَوَجَدَا,13
2887,أَشْرَاطِ,13
2888,الْعِلْمُ,13
2889,فَضْلِي,13
2890,الْعِلْمَ,13
2891,افْعَلْ,13
2892,أَنَّكُمْ,13
2893,تَدْرُونَ,13
2894,عَرِّفْهَا,13
2895,يَسْأَلُنِي,13
2896,عِلْمٍ,13
2897,بِاسْمِي,13
2898,بِكُنْيَتِي,13
2899,بَطْنِهِ,13
2900,عِلْمِ,13
2901,الرُّوحِ,13
2902,يُشْرِكُ,13
2903,الْخُفَّيْنِ,13
2904,أَحْدَثَ,13
2905,وَمَسَحَ,13
2906,وَأَخَذَ,13
2907,يُؤْتَى,13
2908,بَدَأَ,13
2909,ذَهَبَتْ,13
2910,قُمْتُ,13
2911,أَزْوَاجَهُ,13
2912,بَعْدَمَا,13
2913,رَأَيْتَ,13
2914,قَبْرٍ,13
2915,أَعْرَابِيًّا,13
2916,إِحْدَانَا,13
2917,الْمِسْكِ,13
2918,مُتَّ,13
2919,فَسَأَلُوهُ,13
2920,رَاشِدٍ,13
2921,جَسَدِهِ,13
2922,فَبَدَأَ,13
2923,قُوَّةَ,13
2924,قَاعِدٌ,13
2925,وَذَاكَ,13
2926,أَبْكِي,13
2927,بَأْسٌ,13
2928,الْعَامَ,13
2929,وَزَعَمَ,13
2930,أُمَّهَاتِ,13
2931,فَفَعَلْتُ,13
2932,حُضَيْرٍ,13
2933,فَأَتَتْ,13
2934,تَسْمَعْ,13
2935,ضُحًى,13
2936,الْحِجَارَةَ,13
2937,صَلَاتِي,13
2938,فَهَذَا,13
2939,وَعِشْرُونَ,13
2940,بَكْرُ,13
2941,إِبْطَيْهِ,13
2942,وُجُوهُهُمْ,13
2943,عِتْبَانَ,13
2944,فَغَدَا,13
2945,فَاسْتَأْذَنَ,13
2946,الصَّالِحُ,13
2947,شَابٌّ,13
2948,فَرَآهُ,13
2949,الْوَلَاءَ,13
2950,وَمُحَمَّدُ,13
2951,كُلُّكُمْ,13
2952,نَخْلٍ,13
2953,يَأْتِينَا,13
2954,جَنْبِ,13
2955,خَلِيلًا,13
2956,أَرَأَيْتُمْ,13
2957,فَيْحِ,13
2958,بِالنَّهَارِ,13
2959,أُوتِيَ,13
2960,النَّجَاشِيِّ,13
2961,غَابَ,13
2962,شَبِعُوا,13
2963,ذَكَرُوا,13
2964,فَخَرَجْنَا,13
2965,فَخَرَجُوا,13
2966,الْأَحْوَلِ,13
2967,فَرَكَعَ,13
2968,الْحُوَيْرِثِ,13
2969,وَعَلَيْكُمْ,13
2970,فَحَدَّثَنِي,13
2971,يَمِينُهُ,13
2972,بِصَلَاتِهِ,13
2973,الْتَفَتَ,13
2974,أَمَرَهُ,13
2975,الْأَوْزَاعِيِّ,13
2976,الرَّابِعَةِ,13
2977,يَضَعَ,13
2978,أَنْبَأَنَا,13
2979,يَقْسِمُ,13
2980,فَرَجَعَتْ,13
2981,نَبِيِّهِ,13
2982,الْمَلَائِكَةِ,13
2983,اللَّيْثِ,13
2984,عِبَادِ,13
2985,الصَّالِحِينَ,13
2986,تَدْخُلُ,13
2987,عَابِسٍ,13
2988,وَأُمُّ,13
2989,غَدٍ,13
2990,نَحَرَ,13
2991,مَكَانَهَا,13
2992,وَلَكِنَّهُ,13
2993,الْقِيَامِ,13
2994,وَقَرَأَ,13
2995,حَضَرَ,13
2996,وَمَعَ,13
2997,وَبِكَ,13
2998,نِعْمَ,13
2999,وَأَفْطِرْ,13
3000,حَوْضِي,13
3001,يَنْهَى,13
3002,أَشَارَ,13
3003,مُصْعَبُ,13
3004,الثُّلُثُ,13
3005,أُحُدٌ,13
3006,كُفَّارُ,13
3007,تَمْرَةٍ,13
3008,السَّبِيلِ,13
3009,مِثْلُهُ,13
3010,يَأْخُذَ,13
3011,الْخَزْرَجِ,13
3012,وَلَنَا,13
3013,حَبِيبُ,13
3014,أَرَدْنَا,13
3015,عِنْدَهُمْ,13
3016,فَحَلَفَ,13
3017,جُنَاحٌ,13
3018,بِئْسَ,13
3019,أَهْدَى,13
3020,حِمَارًا,13
3021,نَوَاةٍ,13
3022,سَمُّوا,13
3023,الثَّمَرِ,13
3024,وَقَعَتْ,13
3025,ابْتِغَاءَ,13
3026,يَهُودَ,13
3027,الطَّائِفَتَيْنِ,13
3028,لُؤَيٍّ,13
3029,يَفْعَلْ,13
3030,الْقَدَحَ,13
3031,الزُّبَيْرَ,13
3032,كَاذِبٌ,13
3033,يَرَهُ,13
3034,فَاصْبِرُوا,13
3035,نَجِدُ,13
3036,اصْطَفَى,13
3037,بِإِذْنِهِ,13
3038,فَأَصَابَ,13
3039,حَجْرِ,13
3040,ابْنَةَ,13
3041,وَيَا,13
3042,الْبَحْرَ,13
3043,مَعُونَةَ,13
3044,يَسْتَوِي,13
3045,الْقَاعِدُونَ,13
3046,لَيَعْمَلُ,13
3047,اجْتَمَعَ,13
3048,رِيحَ,13
3049,أَحَبِّ,13
3050,يُنْظَرُ,13
3051,النَّفْسَ,13
3052,الْمُتَلَاعِنَيْنِ,13
3053,الْمَلِكُ,13
3054,عَسَلًا,13
3055,هِجْرَتُهُ,12
3056,النَّوْمِ,12
3057,يَكْتُبَ,12
3058,أَخِيكَ,12
3059,حَيًّا,12
3060,يَأْتِ,12
3061,وَمَعْمَرٌ,12
3062,سَأَلْتُكَ,12
3063,هِنْدٍ,12
3064,الزَّكَاةَ,12
3065,الْجِهَادُ,12
3066,فَلَقِيَنِي,12
3067,بِظُلْمٍ,12
3068,أَيُّنَا,12
3069,يَقُمْ,12
3070,سَبِيلِهِ,12
3071,سِتَّةَ,12
3072,صَاحِبُهُ,12
3073,آيَةٍ,12
3074,سَهْمًا,12
3075,أَتَدْرُونَ,12
3076,وَالْمُزَفَّتِ,12
3077,عَدِيُّ,12
3078,السَّائِلُ,12
3079,الصَّدَقَةَ,12
3080,فَاتَّخَذَ,12
3081,أُخْبِرُكُمْ,12
3082,بَعِيرِهِ,12
3083,دِمَاءَكُمْ,12
3084,وَأَمْوَالَكُمْ,12
3085,كَحُرْمَةِ,12
3086,شَهْرِكُمْ,12
3087,خَطِيبًا,12
3088,يُرِدْ,12
3089,فَارْجِعْ,12
3090,أَقْبَلْتُ,12
3091,حَدَثَ,12
3092,آمَنَ,12
3093,بِمُحَمَّدٍ,12
3094,أَوَلَيْسَ,12
3095,قَوْلًا,12
3096,حِرَاشٍ,12
3097,مُتَعَمِّدًا,12
3098,الصَّحِيفَةِ,12
3099,فَأُخْبِرَ,12
3100,رَاحِلَتَهُ,12
3101,رَأْسَ,12
3102,بِتُّ,12
3103,عَجَبًا,12
3104,لَقِينَا,12
3105,تَسْتَطِيعَ,12
3106,لِبَعْضٍ,12
3107,يُوحَى,12
3108,لِحَاجَتِهِ,12
3109,بِالْأَرْضِ,12
3110,حَاجَتَهُ,12
3111,فَغَسَلَهُمَا,12
3112,وَالزُّبَيْرَ,12
3113,يَقْطُرُ,12
3114,أَفَاضَ,12
3115,الْمَكَانِ,12
3116,بِالْبَرَكَةِ,12
3117,وَغَسَلَ,12
3118,ثَقُلَ,12
3119,يُشِيرُ,12
3120,فَدُعِيَ,12
3121,بُشَيْرِ,12
3122,فَعَلْتَ,12
3123,يَأْكُلْ,12
3124,أَمْسَكَ,12
3125,أَقْبَلَتْ,12
3126,أَيْدِيَهُمْ,12
3127,فَجَعَلُوا,12
3128,مُعَيْطٍ,12
3129,السَّاعِدِيَّ,12
3130,فَاهُ,12
3131,الْأَيْمَنِ,12
3132,جُنُبٌ,12
3133,بَنَاتِ,12
3134,فَدَعَانِي,12
3135,حَاضَتْ,12
3136,جِئْنَا,12
3137,زَوْجٍ,12
3138,غَزْوَةً,12
3139,قَدِمَتْ,12
3140,الْجَيْشِ,12
3141,وَلَيْسُوا,12
3142,أُسَيْدُ,12
3143,آلَ,12
3144,أُعْطِيتُ,12
3145,خَاصَّةً,12
3146,فَصَلَّوْا,12
3147,بِكِ,12
3148,مَنَعَكَ,12
3149,بَرَدَ,12
3150,حَاجَةٍ,12
3151,افْتَحْ,12
3152,الْأَوَّلُ,12
3153,لِلنِّسَاءِ,12
3154,مُغِيرَةُ,12
3155,يَنْقُلُ,12
3156,مَنْكِبَيْهِ,12
3157,نَزَلْنَا,12
3158,فَخُذْ,12
3159,أُهْدِيَ,12
3160,رَحِمَهُ,12
3161,سَقَطَ,12
3162,فَرَسِهِ,12
3163,فَارْكَعُوا,12
3164,حَصِيرٍ,12
3165,رِجْلَيَّ,12
3166,فَأَقْبَلْتُ,12
3167,حَدَّثَاهُ,12
3168,زُرَيْقٍ,12
3169,أَيْدِيهِمْ,12
3170,مُنَافِقٌ,12
3171,فَجَاءُوا,12
3172,وَالْمُهَاجِرَهْ,12
3173,مَسَاجِدَ,12
3174,أَحْمَرُ,12
3175,بَرِيئَةٌ,12
3176,قُلْتِ,12
3177,كَرَاهِيَةَ,12
3178,الْحَذَّاءُ,12
3179,يُحَدِّثُنَا,12
3180,بَنَى,12
3181,حَسِبْتُ,12
3182,كَعْبُ,12
3183,أَسْوَدَ,12
3184,فَبَكَى,12
3185,الْعَبْدَ,12
3186,قُحَافَةَ,12
3187,دَرَجَةً,12
3188,نَافِعًا,12
3189,بِالْبَطْحَاءِ,12
3190,أَرَاكَ,12
3191,الْغَدِ,12
3192,حَفِظْنَاهُ,12
3193,التَّوْرَاةَ,12
3194,فَعَمِلُوا,12
3195,حَاجَةَ,12
3196,أَجْمَعُونَ,12
3197,الْوَاسِطِيُّ,12
3198,حَوْشَبٍ,12
3199,أَرَادُوا,12
3200,صَوَاحِبُ,12
3201,فَعَلَهُ,12
3202,وَهْبِ,12
3203,فَاشْتَدَّ,12
3204,حِينِ,12
3205,فَانْصَرَفَ,12
3206,وَاللَّيْلِ,12
3207,وَرَاءَ,12
3208,ثَابِتُ,12
3209,عَفَّانُ,12
3210,سُورَةٍ,12
3211,السُّورَةَ,12
3212,تَقْرَأُ,12
3213,عَهْدٍ,12
3214,الْكَلْبِ,12
3215,لِكَيْ,12
3216,وَلَهُمْ,12
3217,كَافِرٌ,12
3218,أَزْوَاجِ,12
3219,اللَّه,12
3220,الْإِنْسَانِ,12
3221,أَرْضٍ,12
3222,وَمَسْئُولٌ,12
3223,سَلْمَانُ,12
3224,أَقْوَامًا,12
3225,الْعَدُوَّ,12
3226,فَأَخَذَهَا,12
3227,وَعُثْمَانَ,12
3228,نَعْلَمُ,12
3229,الْمُؤْمِنَاتُ,12
3230,غَزَوَاتٍ,12
3231,مِثْلِ,12
3232,يَطْلُعُ,12
3233,وَالْمُشْرِكُونَ,12
3234,نِصْفُ,12
3235,وَالسَّاعَةُ,12
3236,إِلَيْكُمْ,12
3237,رَأَيْتَهُ,12
3238,يَدَيَّ,12
3239,عَبَّاسُ,12
3240,انْشَقَّ,12
3241,هَمَّ,12
3242,يُكَلِّمُ,12
3243,جَعَلْتُ,12
3244,سَبْعٍ,12
3245,الْمَظْلُومِ,12
3246,يَمُوتُ,12
3247,بَابَ,12
3248,الْكَافِرَ,12
3249,رُفِعَ,12
3250,لَكُمَا,12
3251,يَهُودِيٌّ,12
3252,بِتِلْكَ,12
3253,وَذُكِرَ,12
3254,الدَّارَ,12
3255,سَمِعَا,12
3256,كَفَرَ,12
3257,خَيْرِ,12
3258,ذَوْدٍ,12
3259,ذَهَبًا,12
3260,بِصَدَقَتِهِ,12
3261,إِيَّاهَا,12
3262,عَدْلٌ,12
3263,ثَلَاثُ,12
3264,أَعْظَمَ,12
3265,فَقَسَمَهَا,12
3266,دَعَاهُ,12
3267,بَيْضَاءَ,12
3268,دُورِ,12
3269,جُبَارٌ,12
3270,الْأَسْوَدُ,12
3271,لَأَعْلَمُ,12
3272,الدَّجَّالَ,12
3273,طَوَافًا,12
3274,بِالْيَمَنِ,12
3275,شَاءُوا,12
3276,فَضْلُ,12
3277,وَالْمَرْوَةَ,12
3278,الْمَغْرَاءِ,12
3279,لِشَيْءٍ,12
3280,بَلَدٍ,12
3281,مِرَارًا,12
3282,رَبِّكُمْ,12
3283,أَذًى,12
3284,هِجْرَةَ,12
3285,تَنْفِي,12
3286,الشَّهْرُ,12
3287,أُولِي,12
3288,تَمْرٌ,12
3289,لَمِنْ,12
3290,أَهْلِكَ,12
3291,أَجَلٍ,12
3292,يَتَفَرَّقَا,12
3293,الْإِبِلَ,12
3294,حَاضِرٌ,12
3295,لِبَادٍ,12
3296,بَاطِلٌ,12
3297,وَيَكُونَ,12
3298,مَعَهُمَا,12
3299,رِسْلِكَ,12
3300,فَأَخْبَرُوهُ,12
3301,أَتَأْذَنُ,12
3302,أَلِيمٌ,12
3303,جَارِكَ,12
3304,يَشْرَبُ,12
3305,ثَوْرِ,12
3306,فَقَرَأْتُ,12
3307,حَوْلًا,12
3308,كَلْبٌ,12
3309,يَزْنِي,12
3310,يَعُودُ,12
3311,بَعِيرِي,12
3312,يَتَحَدَّثُ,12
3313,ذَاكِ,12
3314,بِامْرَأَتِهِ,12
3315,النَّظَرَ,12
3316,قَيْصَرَ,12
3317,فَقُتِلَ,12
3318,وَالْأَنْصَارُ,12
3319,فِتْنَةً,12
3320,شَدِيدٍ,12
3321,الْخَلَصَةِ,12
3322,أَحْمَسَ,12
3323,مَوْلًى,12
3324,أَنْشُدُكُمْ,12
3325,وَالْأَرْضُ,12
3326,أَنْشُدُكُمَا,12
3327,طَالَ,12
3328,يَمِينِي,12
3329,فَسَلِّمْ,12
3330,فَطَلَّقَهَا,12
3331,مَتَّى,12
3332,يُوجَدُ,12
3333,دِينِهِ,12
3334,عَلْقَمَةُ,12
3335,عُبَادٍ,12
3336,غِرْتُ,12
3337,السُّلَمِيِّ,12
3338,يُسْمَعْ,12
3339,حَدًّا,12
3340,شَرِّ,12
3341,الْوَحْيِ,11
3342,يَكْتُبُ,11
3343,فَرَفَعْتُ,11
3344,هِلَالُ,11
3345,تُحَرِّكْ,11
3346,لِسَانَكَ,11
3347,يَلْقَاهُ,11
3348,آبَائِهِ,11
3349,فَذَكَرْتَ,11
3350,الرُّسُلِ,11
3351,عَظِيمِ,11
3352,بِسْمِ,11
3353,مَعْرُوفٍ,11
3354,وَفَى,11
3355,يَفِرُّ,11
3356,إِيمَانٍ,11
3357,قَمِيصٌ,11
3358,غَلَبَنِي,11
3359,سُهَيْلٍ,11
3360,وَكُلُّ,11
3361,آيَةٌ,11
3362,دَنَا,11
3363,أَفْلَحَ,11
3364,وَلَدَتْ,11
3365,أَدْبَرَ,11
3366,وَبَيْنَكَ,11
3367,كُفَّارِ,11
3368,وَرَاءَنَا,11
3369,وَالنَّقِيرِ,11
3370,تَبْتَغِي,11
3371,وَنَزَلَ,11
3372,مَجْلِسٍ,11
3373,يَسْقُطُ,11
3374,فَاسْتَحْيَيْتُ,11
3375,الصَّلَوَاتِ,11
3376,وَأَمَرَهُ,11
3377,قَعَدَ,11
3378,الْحِجَّةِ,11
3379,بَلَدِكُمْ,11
3380,الشَّاهِدُ,11
3381,الْغَائِبَ,11
3382,عَسَى,11
3383,أَكْرَهُ,11
3384,خَضِرٌ,11
3385,خَمْسِ,11
3386,بِرَأْسِهَا,11
3387,نِسَاءَكَ,11
3388,فَضَالَّةُ,11
3389,عَامِرٌ,11
3390,عُذِّبَ,11
3391,يَبْعَثُ,11
3392,أَقُلْ,11
3393,عِنْدَكُمْ,11
3394,حَالَ,11
3395,حَثْمَةَ,11
3396,سَنَةٍ,11
3397,حُوتًا,11
3398,يَلْعَبُ,11
3399,يَسْأَلَ,11
3400,يُهِلُّ,11
3401,يَسْمَعَ,11
3402,كُرَيْبٌ,11
3403,الْوُضُوءَ,11
3404,إِنْسَانٍ,11
3405,وَلَدٌ,11
3406,أُذِنَ,11
3407,لِبَعْضِ,11
3408,مُسْتَقْبِلَ,11
3409,فَوَجَدْتُ,11
3410,وَيَدَيْهِ,11
3411,وَضُوئِهِ,11
3412,رَاحِلَتُهُ,11
3413,زَمَانِ,11
3414,يَكُونُوا,11
3415,النَّوْمَ,11
3416,السَّائِبَ,11
3417,خَمْسَةِ,11
3418,يُعَذَّبَانِ,11
3419,ذَنُوبًا,11
3420,عُكْلٍ,11
3421,مَعْنٌ,11
3422,يَجْرِي,11
3423,أُغْنِي,11
3424,فَشَقَّ,11
3425,بِأَيِّ,11
3426,فَوَجَدْتُهُ,11
3427,الْجَنَابَةِ,11
3428,يَكْفِيكَ,11
3429,وَضَعْتُ,11
3430,أَصَابَتْ,11
3431,الْمُؤْمِنَ,11
3432,الْجَنَائِزِ,11
3433,مَلَكًا,11
3434,فَمِنَّا,11
3435,الْعُمْرَةَ,11
3436,وَلَيْسَتْ,11
3437,تَخْرُجَ,11
3438,الْخُدُورِ,11
3439,الْوُسْطَى,11
3440,الْيَمِينِ,11
3441,مَرَرْتُ,11
3442,صَنَعْتُ,11
3443,بِأُمِّ,11
3444,كَهَيْئَةِ,11
3445,يَحُجَّ,11
3446,يُؤَذِّنَ,11
3447,الْغَدَاةِ,11
3448,لِيُؤْتَمَّ,11
3449,يَبْدُوَ,11
3450,وَاسْتَقْبَلَ,11
3451,الْعَبْدِ,11
3452,أُسْوَةٌ,11
3453,وَجْهِ,11
3454,نِسَاءُ,11
3455,بِقُبَاءٍ,11
3456,نُخَامَةً,11
3457,بَيْتِكَ,11
3458,يَجْلِسْ,11
3459,الْخَلْقِ,11
3460,النَّخْلَ,11
3461,شِقِّهِ,11
3462,شِئْتِ,11
3463,أَصْوَاتُهُمَا,11
3464,إِلَيْهِمَا,11
3465,الْبَارِحَةَ,11
3466,الطَّائِفِ,11
3467,أَبْوَابِ,11
3468,يُصْبِحَ,11
3469,يَقْدَمُ,11
3470,فَنَزَلْتُ,11
3471,أَفَرَأَيْتَ,11
3472,فَعَادَ,11
3473,قَالَهُ,11
3474,أَذَّنَ,11
3475,تَجِدُونَ,11
3476,حَيَّةٌ,11
3477,سَتَرَوْنَ,11
3478,بِحَمْدِ,11
3479,تَغْرُبَ,11
3480,الْأُمَمِ,11
3481,اجْتَمَعُوا,11
3482,وَبَعْدَ,11
3483,نَسِيَ,11
3484,قُرَّةُ,11
3485,أَبَوْا,11
3486,اثْنَا,11
3487,رَبَّ,11
3488,تَفْعَلُوا,11
3489,هَمَمْتُ,11
3490,جُزْءًا,11
3491,فَغَفَرَ,11
3492,تَصَدَّقَ,11
3493,غَدَا,11
3494,يَسْتَطِعْ,11
3495,ذِرَاعًا,11
3496,وَإِسْحَاقُ,11
3497,قُرْآنًا,11
3498,يَغْشَى,11
3499,وَذُو,11
3500,عَلِمَ,11
3501,افْتَتَحَ,11
3502,مَالِكَ,11
3503,بَعْدِ,11
3504,الْقَعْقَاعِ,11
3505,بِمَ,11
3506,تَيَسَّرَ,11
3507,يَنْصَرِفُ,11
3508,الْوَلِيدَ,11
3509,عَبْدُهُ,11
3510,الْمُلْكُ,11
3511,جُنْدَبٍ,11
3512,زُهْرَةَ,11
3513,الشَّعْبِيَّ,11
3514,الْخُطْبَةِ,11
3515,حُلَّةً,11
3516,وَكُلُّكُمْ,11
3517,سَلَّامٍ,11
3518,قُلُوبِهِمْ,11
3519,النَّعَمِ,11
3520,الْأَعْرَابِيُّ,11
3521,حَوَالَيْنَا,11
3522,فَقَامَتْ,11
3523,بَعْضَهُمْ,11
3524,عِيدٍ,11
3525,لَحْمٌ,11
3526,قَدَّمَهُ,11
3527,يَعُودُهُ,11
3528,بِنَفْسِهِ,11
3529,يُلَبِّي,11
3530,هَلُمَّ,11
3531,أَرَدْتَ,11
3532,الْيَتَامَى,11
3533,السُّبُلُ,11
3534,عَبَّادُ,11
3535,يَخْسِفَانِ,11
3536,كَافِرًا,11
3537,إِمَارَتِهِ,11
3538,حَدَّثَكُمْ,11
3539,ذِكْرُهُ,11
3540,وَأَحَبُّ,11
3541,الصِّيَامِ,11
3542,وَرَكْعَتَيْنِ,11
3543,رِبْعِيٍّ,11
3544,صَوْمِ,11
3545,أَرُدَّ,11
3546,لَكِنْ,11
3547,مُقَرِّنٍ,11
3548,الدَّاعِي,11
3549,الْفِضَّةِ,11
3550,جَعْفَرٌ,11
3551,وَسِدْرٍ,11
3552,وَاقِفٌ,11
3553,ابْنُهُ,11
3554,بِطَعَامٍ,11
3555,أَرْسَلَتْ,11
3556,ظِلِّ,11
3557,يُعْرَفُ,11
3558,الْأَحْوَلُ,11
3559,فَذَكَرَهُ,11
3560,الرَّجُلَيْنِ,11
3561,خَبَأْتُ,11
3562,دَعْنِي,11
3563,مَوْلُودٍ,11
3564,عَمَلِ,11
3565,نَخَافُ,11
3566,أَرْبَعَةٌ,11
3567,النَّهَرِ,11
3568,رَوْضَةٍ,11
3569,بِحَقِّهِ,11
3570,يُعْطِ,11
3571,أَقْرَعَ,11
3572,الذَّهَبَ,11
3573,أَوْسُقٍ,11
3574,يَدًا,11
3575,تُصُدِّقَ,11
3576,حَكِيمِ,11
3577,عَدِيٌّ,11
3578,يُقْبَلُ,11
3579,تُحِبُّونَ,11
3580,وَإِسْمَاعِيلُ,11
3581,فَذَكَرْتُهُ,11
3582,أُشْهِدُكُمْ,11
3583,حَقَّهُ,11
3584,يُحِبُّنَا,11
3585,وَنُحِبُّهُ,11
3586,خَمْسَةٍ,11
3587,حَرُمَ,11
3588,وَالْعُمْرَةَ,11
3589,بَدَنَةٌ,11
3590,بِالْعُمْرَةِ,11
3591,حَلُّوا,11
3592,وَبِالصَّفَا,11
3593,الْحَرَمِ,11
3594,فَفَعَلُوا,11
3595,إِزَارِي,11
3596,رُومَانَ,11
3597,يَأْجُوجَ,11
3598,بِالْكَعْبَةِ,11
3599,أَوْجَبْتُ,11
3600,شَعَائِرِ,11
3601,يَطَّوَّفَ,11
3602,طَلْحَةُ,11
3603,الْهَيْثَمِ,11
3604,تَعَالَ,11
3605,الْوَحْيَ,11
3606,سُرِّيَ,11
3607,الْأَحْزَابَ,11
3608,صُمْ,11
3609,وَحْشٍ,11
3610,أَصَبْتُ,11
3611,غَارٍ,11
3612,صَرْفٌ,11
3613,تُوَاصِلُ,11
3614,وَعَلَيْهَا,11
3615,كُهَيْلٍ,11
3616,جُوَيْرِيَةَ,11
3617,تَقُولُونَ,11
3618,وَالْأَنْصَارِ,11
3619,بَطْنِي,11
3620,الْمِقْدَامِ,11
3621,بِالْخِيَارِ,11
3622,شُعَيْبٍ,11
3623,ثَمَنِ,11
3624,بِكْرًا,11
3625,عَدْوَى,11
3626,بِالذَّهَبِ,11
3627,هَاءَ,11
3628,وَهَاءَ,11
3629,فَافْرُجْ,11
3630,رُكْبَتِهِ,11
3631,وَالشَّعِيرِ,11
3632,آلَافٍ,11
3633,جَدِّي,11
3634,قُرَّةَ,11
3635,الْمُتَوَكِّلِ,11
3636,أَعْطَيْتُكَ,11
3637,بِاسْمِكَ,11
3638,غُلَامُ,11
3639,فَاجِرٌ,11
3640,اسْقِ,11
3641,الْخَيْلُ,11
3642,دِينَارًا,11
3643,اقْرَءُوا,11
3644,يَهُودِيًّا,11
3645,أَرْبَعَةٍ,11
3646,ثَلَاثَةٍ,11
3647,مُتَّكِئًا,11
3648,وَجَدْنَا,11
3649,عَبَايَةَ,11
3650,خِفْتُمْ,11
3651,الْيَتِيمَةُ,11
3652,الصَّدَاقِ,11
3653,وَقَوْلُ,11
3654,وَلَدِ,11
3655,أَلَّا,11
3656,فَأَتَانِي,11
3657,لَأَقْضِيَنَّ,11
3658,فَرَضِيَ,11
3659,فَأَخْبَرُونِي,11
3660,لَحِقَ,11
3661,الْأَسِرَّةِ,11
3662,الْبَيْضَاءِ,11
3663,فَأَمْسَكَ,11
3664,تُقَاتِلُوا,11
3665,الْخَمِيسِ,11
3666,لِقَاءَ,11
3667,انْطَلِقُوا,11
3668,يَبْقَ,11
3669,شِبْرًا,11
3670,دَفَعْتُهَا,11
3671,أَقْضِي,11
3672,يَدُ,11
3673,الْكِتَابُ,11
3674,سَبَقَ,11
3675,مُدَّكِرٍ,11
3676,يُجَاوِزُ,11
3677,اشْفَعْ,11
3678,أَعْطَاكَ,11
3679,فِرَارًا,11
3680,أُمَّةٍ,11
3681,لِعَشَرَةٍ,11
3682,السَّهْمُ,11
3683,عَسَلٍ,11
3684,نِدًّا,11
3685,رَاءٍ,11
3686,تَجْهَرْ,11
3687,قَطْ,11
3688,نُورًا,11
3689,خَطِيئَتَهُ,11
3690,فَأَخَذَنِي,10
3691,الْإِنْسَانَ,10
3692,الرَّحِمَ,10
3693,أَكُونُ,10
3694,الْمُدَّثِّرُ,10
3695,قَرَأَهُ,10
3696,أَقْرَبُ,10
3697,يَزِيدُونَ,10
3698,الْأَوْثَانِ,10
3699,لِقَاءَهُ,10
3700,فَدَفَعَهُ,10
3701,هِرَقْلُ,10
3702,وَسَأَلَهُ,10
3703,الْوَحْشِ,10
3704,شَأْنِ,10
3705,خَمْسٍ,10
3706,شَهَادَةِ,10
3707,وَإِيتَاءِ,10
3708,يُحِبُّهُ,10
3709,الْمَازِنِيِّ,10
3710,دَعْهُ,10
3711,خَشْيَةَ,10
3712,أَحْسَنْتَ,10
3713,الدَّهْرَ,10
3714,خَانَ,10
3715,أَرْبَعٌ,10
3716,وَاحْتِسَابًا,10
3717,أُحْيَا,10
3718,أَمْثَالِهَا,10
3719,غَيْرُهَا,10
3720,كُلُّهُ,10
3721,رَبِيعَةُ,10
3722,فَمِ,10
3723,أَمِيرٌ,10
3724,بِأَعْلَى,10
3725,اثْنَانِ,10
3726,وَأَعْرَاضَكُمْ,10
3727,أَوْعَى,10
3728,مَخَافَةَ,10
3729,مَلَإٍ,10
3730,أَعْلَمَ,10
3731,طَائِفَةٌ,10
3732,الْخَمْرُ,10
3733,بِقَدَحِ,10
3734,الْمَسِيحِ,10
3735,نَمْ,10
3736,وَالْحَنْتَمِ,10
3737,الْحَاجَةِ,10
3738,الْمُنْبَعِثِ,10
3739,غَضِبَ,10
3740,نَبِيًّا,10
3741,عَبَّاسٌ,10
3742,ثَلَاثَةً,10
3743,تَسْمَعُ,10
3744,حَمِدَ,10
3745,يَأْذَنْ,10
3746,تَكْتَنُوا,10
3747,فَخَطَبَ,10
3748,ائْتُونِي,10
3749,تَضِلُّوا,10
3750,فَسُئِلَ,10
3751,أَتَيَا,10
3752,الرُّوحُ,10
3753,نَحْوًا,10
3754,هَاشِمُ,10
3755,فَخَرَجَتْ,10
3756,طَوِيلَةً,10
3757,يَنْزِلَ,10
3758,وُضُوءَهُ,10
3759,وَرَأْسُهُ,10
3760,وَهْبٌ,10
3761,انْتَصَفَ,10
3762,أَوْتَرَ,10
3763,خَفِيفَتَيْنِ,10
3764,بِيَدِهَا,10
3765,قَفَاهُ,10
3766,حَسَنٍ,10
3767,بِقَدَحٍ,10
3768,كَتِفَيْهِ,10
3769,يَعُودُنِي,10
3770,طَفِقَ,10
3771,تَسْأَلْ,10
3772,نَافِعِ,10
3773,حَاجَتِهِ,10
3774,بِالصَّهْبَاءِ,10
3775,كَبِيرٍ,10
3776,مِحْصَنٍ,10
3777,حَائِطٍ,10
3778,عِرْقٌ,10
3779,ثَوْبِ,10
3780,جِيءَ,10
3781,حَوْلَهَا,10
3782,يَرَوْنَ,10
3783,بِعُتْبَةَ,10
3784,أَتَيْتَ,10
3785,أَصَابَهُ,10
3786,بِشِقِّ,10
3787,طِيبًا,10
3788,عُرَاةً,10
3789,فَنَادَاهُ,10
3790,حَجْرِي,10
3791,يُخْرِجُ,10
3792,سَأَلَتْ,10
3793,الدَّمُ,10
3794,وَعَشْرًا,10
3795,بِحَجٍّ,10
3796,فَقَدِمْنَا,10
3797,يَأْمُرُنَا,10
3798,أَسْفَارِهِ,10
3799,وَأَقَامَ,10
3800,وَرَأَى,10
3801,أَصَابَهُمْ,10
3802,بَكَى,10
3803,عَرَجَ,10
3804,وَالنَّبِيِّ,10
3805,أُمَّتَكَ,10
3806,خَمْسُونَ,10
3807,ثَمَانِيَ,10
3808,ثَوْبَيْنِ,10
3809,عُرْيَانٌ,10
3810,وَالْخَمِيسُ,10
3811,أَعْطِنِي,10
3812,عَوْنِ,10
3813,الطَّوِيلُ,10
3814,شِدَّةِ,10
3815,لِأَنَّ,10
3816,الْمَقَامِ,10
3817,يَشَاءُ,10
3818,جَاءَهُمْ,10
3819,أَيَقْتُلُهُ,10
3820,شَاهِدٌ,10
3821,مَكَانٍ,10
3822,وَبَيْنَهُمْ,10
3823,آتِيَ,10
3824,الْأَشْعَثِ,10
3825,بِفِنَاءِ,10
3826,أَمْسِكْ,10
3827,يَشْتَرِطُونَ,10
3828,اشْتَرَطَ,10
3829,الْجِنِّ,10
3830,حَكِيمٍ,10
3831,نَادَى,10
3832,وَأَتَى,10
3833,فَتَقَدَّمَ,10
3834,سُجُودِهِ,10
3835,أَطْوَلَ,10
3836,فَمِنْ,10
3837,مَشَى,10
3838,فِرَاشِي,10
3839,الْمُغِيرَةَ,10
3840,وَأَنِّي,10
3841,النَّهْدِيِّ,10
3842,بَرْزَةَ,10
3843,وَنَسِيتُ,10
3844,قَتِيلًا,10
3845,أَخَذْتَ,10
3846,بِصَلَاةِ,10
3847,التَّوْرَاةِ,10
3848,رَآهُمْ,10
3849,فَرَجَعْنَا,10
3850,بِلَالُ,10
3851,يَسُبُّ,10
3852,فَنَزَلْنَا,10
3853,طَعَامُ,10
3854,عُرِضُوا,10
3855,فِرَاسٍ,10
3856,عَيْنِي,10
3857,فَحَبَسَهُ,10
3858,رَاحَ,10
3859,مَقَامِكَ,10
3860,يَوْمِهِ,10
3861,الصَّبِيِّ,10
3862,لَيْلَتَيْنِ,10
3863,تَأْكُلُ,10
3864,صَلَاتِهِمْ,10
3865,الْأُولَيَيْنِ,10
3866,يَعْدِلُ,10
3867,شَيْخٌ,10
3868,بُنَيَّ,10
3869,فَسَأَلْنَاهُ,10
3870,خَلَا,10
3871,كَسِنِي,10
3872,الْقَضَاءِ,10
3873,حَلْحَلَةَ,10
3874,وَبَرَكَاتُهُ,10
3875,وَرَّادٍ,10
3876,هِنْدُ,10
3877,يُسَلِّمُ,10
3878,كُلْ,10
3879,الصَّلْتِ,10
3880,وَسَعِيدُ,10
3881,بَقَرَةً,10
3882,سِيَرَاءَ,10
3883,تَغْلِبَ,10
3884,الْغِنَى,10
3885,الْغَسِيلِ,10
3886,سَاعَةٌ,10
3887,حَيْوَةُ,10
3888,اللَّحْمُ,10
3889,فَرَخَّصَ,10
3890,بِالْمُصَلَّى,10
3891,حَسَنٌ,10
3892,قَنَتَ,10
3893,الْمُسْتَضْعَفِينَ,10
3894,الْكُبْرَى,10
3895,الْمَطَرُ,10
3896,يُرَى,10
3897,هُنَاكَ,10
3898,فَقُومُوا,10
3899,أَغْيَرُ,10
3900,جَلَّ,10
3901,بَعَثَنَا,10
3902,النَّهَارَ,10
3903,وَفِينَا,10
3904,بِئْرٍ,10
3905,أَصْنَعُ,10
3906,عَرَضَ,10
3907,بَعْضُهَا,10
3908,قُضِيَ,10
3909,وَالْمِسْوَرَ,10
3910,الْعَاطِسِ,10
3911,وَالدِّيبَاجِ,10
3912,اجْلِسْ,10
3913,رَسُولٌ,10
3914,مَظْعُونٍ,10
3915,اجْعَلْ,10
3916,أَيُّمَا,10
3917,ابْنَتَهُ,10
3918,غَطَّيْنَا,10
3919,لِأُمِّ,10
3920,آخَرُونَ,10
3921,أَعْقَابِهِمْ,10
3922,فَوَجَدَهُ,10
3923,عَيْنَهُ,10
3924,يُنَفَّرُ,10
3925,فَأَسْلَمَ,10
3926,يُولَدُ,10
3927,السَّعَادَةِ,10
3928,وَجَدْتُمْ,10
3929,ضَرَبَهُ,10
3930,دَارًا,10
3931,مَنْزِلِي,10
3932,أَبْشِرْ,10
3933,فَرَّقَ,10
3934,أَوَاقٍ,10
3935,لِصَاحِبِهِ,10
3936,رَسُولًا,10
3937,اتَّقُوا,10
3938,صَحِيحٌ,10
3939,السُّفْلَى,10
3940,لِسَانِ,10
3941,الْمُنْكَرِ,10
3942,الْبَخِيلِ,10
3943,الشَّرِّ,10
3944,وَأَرْبَعِينَ,10
3945,الْجَمَلِ,10
3946,بَيْرُحَاءَ,10
3947,يَدْخُلُهَا,10
3948,تَنَالُوا,10
3949,وَأَمَرَهُمْ,10
3950,فَنِعْمَ,10
3951,حَكِيمٌ,10
3952,بَعِيرٌ,10
3953,أَشْرَفَ,10
3954,جَبَلٌ,10
3955,يُبَاعُ,10
3956,وَلَاءَهَا,10
3957,أَلْبَانِهَا,10
3958,وَالْأُنْثَى,10
3959,ذَكَرٍ,10
3960,بِبَطْنِ,10
3961,الثِّيَابِ,10
3962,خَيْثَمَةَ,10
3963,اخْرُجْ,10
3964,نُرَى,10
3965,سُنَّةَ,10
3966,حَمَلَ,10
3967,كِنَانَةَ,10
3968,وَمَأْجُوجَ,10
3969,حُمَّى,10
3970,تَرَكْتُ,10
3971,طَلَعَتْ,10
3972,فَصَاحَ,10
3973,الْجَمْرَةَ,10
3974,الْقَمَرُ,10
3975,حَلَّ,10
3976,غَنَمًا,10
3977,خَالِدَ,10
3978,يَرْمِي,10
3979,فَيَأْتِي,10
3980,الْمَجِيدِ,10
3981,أَدْخُلَ,10
3982,عَامًا,10
3983,مُحْرِمُونَ,10
3984,تَأْكُلُوا,10
3985,حُرُمٌ,10
3986,فَذَهَبَتْ,10
3987,صُفْرَةٍ,10
3988,عَبَّاسِ,10
3989,الطَّاعُونُ,10
3990,أَقِلْنِي,10
3991,فُتِحَتْ,10
3992,تَدْخُلَ,10
3993,هَارُونُ,10
3994,تَوَفَّاهُ,10
3995,يُحَدِّثُهُ,10
3996,تَزَوَّجْتَ,10
3997,أَوْلِمْ,10
3998,لِلْفِرَاشِ,10
3999,لِلْمُسْلِمِينَ,10
4000,وَأَعْطَى,10
4001,الْخِيَارِ,10
4002,الْآخَرَ,10
4003,بِخَيْبَرَ,10
4004,يَدْفَعُ,10
4005,يَبِيعَ,10
4006,بَطْنِهَا,10
4007,شَرْطٍ,10
4008,غَائِبًا,10
4009,الْمُلُوكِ,10
4010,وَأَيُّ,10
4011,فُهَيْرَةَ,10
4012,جَعَلْنَا,10
4013,بِالرَّجُلِ,10
4014,بَنَاتٍ,10
4015,الذِّئْبُ,10
4016,بِيَوْمِ,10
4017,الْأَشْعَثُ,10
4018,سِتْرٌ,10
4019,وِزْرٌ,10
4020,بَصَرَهُ,10
4021,وَسْقًا,10
4022,يَصْعَقُونَ,10
4023,أَفِي,10
4024,تَوَفَّى,10
4025,رَهْطٌ,10
4026,الْغُلَامَ,10
4027,فَأَهْوَى,10
4028,لِهَذِهِ,10
4029,السِّنَّ,10
4030,تُقْسِطُوا,10
4031,يُقْسِطُوا,10
4032,الْحِمَارِ,10
4033,الْمِسْوَرَ,10
4034,بِيَ,10
4035,الْإِشْرَاكُ,10
4036,وَعُقُوقُ,10
4037,وَجَلَسَ,10
4038,الظَّهِيرَةِ,10
4039,أَصْبَحْتُ,10
4040,وَلَعَلَّ,10
4041,ابْنِكَ,10
4042,بَيْنَكُمَا,10
4043,سُهَيْلٌ,10
4044,لِقَوْلِهِ,10
4045,عَفْرَاءَ,10
4046,لَحْيَانَ,10
4047,قُتِلُوا,10
4048,بَايَعُوا,10
4049,اهْتَدَيْنَا,10
4050,الْأَقْدَامَ,10
4051,أَبَيْنَا,10
4052,فَانْتَدَبَ,10
4053,عُنُقِهِ,10
4054,حَبِيبِ,10
4055,يَرْفَعْهُ,10
4056,سَيْفِهِ,10
4057,بُعِثْتُ,10
4058,الْحِصْنِ,10
4059,تَدْعُونَ,10
4060,تَعْرِفُ,10
4061,فَأَخْرَجَتْ,10
4062,فَعَمِلَ,10
4063,وَلِيُّ,10
4064,أَبِيهَا,10
4065,يَأْكُلُهُ,10
4066,أُهْدِيَتْ,10
4067,فَلَقِيَ,10
4068,أَرْبَعَةُ,10
4069,زَهْدَمٍ,10
4070,آكُلُ,10
4071,أَحْلِفُ,10
4072,فَأَرَى,10
4073,أُوذِيَ,10
4074,كَذَبْتُمْ,10
4075,نَسْأَلُكَ,10
4076,صُورَتِهِ,10
4077,صُورَةِ,10
4078,كَأَحْسَنِ,10
4079,سَلَكَ,10
4080,لُبَابَةَ,10
4081,يَنْزِعُ,10
4082,خِيَارُهُمْ,10
4083,فَاسْتَفْتَحَ,10
4084,فَبَكَيْتُ,10
4085,ذَنُوبَيْنِ,10
4086,أَمِينًا,10
4087,مَلْأَى,10
4088,قَطَعَ,10
4089,الْقِتَالِ,10
4090,حَسَنَةً,10
4091,أَحْدَثُوا,10
4092,بِصَلَاتِكَ,10
4093,تُخَافِتْ,10
4094,مِنْكُمَا,10
4095,الْوَاصِلَةَ,10
4096,مَغَافِيرَ,10
4097,أَحْيَانًا,9
4098,الصَّالِحَةُ,9
4099,بِقَارِئٍ,9
4100,فَغَطَّنِي,9
4101,الْمُدَّةِ,9
4102,الْقَوْلَ,9
4103,ضُعَفَاؤُهُمْ,9
4104,وَبَيْنَكُمْ,9
4105,قِرَاءَةِ,9
4106,لِأَصْحَابِي,9
4107,مَلِكُ,9
4108,نَظَرْتُ,9
4109,حَنْظَلَةُ,9
4110,الْعَقَدِيُّ,9
4111,عَرَفْتَ,9
4112,أَيْدِيكُمْ,9
4113,يَتْبَعُ,9
4114,الْقَطْرِ,9
4115,الْأَعْمَالِ,9
4116,وَأَهْلُ,9
4117,رَهْطًا,9
4118,فَسَكَتُّ,9
4119,وَاصِلٍ,9
4120,يَلْبِسُوا,9
4121,إِيمَانَهُمْ,9
4122,الشِّرْكَ,9
4123,فَكُلُّ,9
4124,بِعَشْرِ,9
4125,فُلَانَةُ,9
4126,الصَّبَّاحِ,9
4127,بِعَرَفَةَ,9
4128,سُهَيْلِ,9
4129,صَوْتِهِ,9
4130,فَمُرْنَا,9
4131,نَفَقَةً,9
4132,الْأَبْيَضُ,9
4133,أَسْأَلُكَ,9
4134,الشَّهْرَ,9
4135,ثَعْلَبَةَ,9
4136,وَاقِدٍ,9
4137,بِشْرٌ,9
4138,قَائِمَةً,9
4139,السَّبِيلَ,9
4140,لِمُوسَى,9
4141,أَوَيْنَا,9
4142,الْجَهْلُ,9
4143,أَعْطَيْتُ,9
4144,أَرْمِيَ,9
4145,فَأَوْمَأَ,9
4146,الْهَرْجُ,9
4147,الْقَتْلَ,9
4148,مَقَامِي,9
4149,لِأَخِيكَ,9
4150,لِلذِّئْبِ,9
4151,سَلُونِي,9
4152,رَضِينَا,9
4153,رَبًّا,9
4154,فَوَعَظَهُنَّ,9
4155,الْأَصْبَهَانِيِّ,9
4156,لِرَسُولِهِ,9
4157,قَتَلُوهُ,9
4158,وَالْمُؤْمِنِينَ,9
4159,يُخْتَلَى,9
4160,يُعْضَدُ,9
4161,بُيُوتِنَا,9
4162,مُدْرِكٍ,9
4163,كَانَا,9
4164,الْحُوتُ,9
4165,لِفَتَاهُ,9
4166,مَعِيَ,9
4167,يَنْقَضَّ,9
4168,أُوتُوا,9
4169,تَأْمُرُنَا,9
4170,النَّعْلَيْنِ,9
4171,الْحَنْظَلِيُّ,9
4172,الْوُضُوءِ,9
4173,قَلْبُهُ,9
4174,رِجْلَهُ,9
4175,يَلْتَفِتُ,9
4176,فَأَمَرَنِي,9
4177,حُسَيْنُ,9
4178,كَفَّيْهِ,9
4179,أَشْعَثُ,9
4180,تَحْتِ,9
4181,فَاضْطَجَعْتُ,9
4182,طُولِهَا,9
4183,صَاحِبَهُ,9
4184,كَادُوا,9
4185,فَفَعَلَ,9
4186,بِثَلَاثِ,9
4187,وَالنِّسَاءُ,9
4188,لِحَفْصَةَ,9
4189,يَغْسِلُ,9
4190,يَذْهَبَ,9
4191,وَاسْتَاقُوا,9
4192,وَأَرْجُلَهُمْ,9
4193,وَقَتَلُوا,9
4194,الْآخِرُونَ,9
4195,السَّابِقُونَ,9
4196,شُرَيْحُ,9
4197,فَرْجَهُ,9
4198,الْأَذَى,9
4199,أَفْلَحُ,9
4200,وَالنَّهَارِ,9
4201,فَاغْتَسَلَ,9
4202,طَرِيقِ,9
4203,لَقِيَنِي,9
4204,الْآخِرُ,9
4205,دِينِنَا,9
4206,ثَوْبٌ,9
4207,دَخَلَتْ,9
4208,عُمْرَتِي,9
4209,أُنْثَى,9
4210,وَأَهْدَى,9
4211,فَلْيُتِمَّ,9
4212,قَدْرَ,9
4213,انْقَطَعَ,9
4214,التَّيَمُّمِ,9
4215,الْجِدَارِ,9
4216,تُصَلِّيَ,9
4217,يُفْعَلُ,9
4218,فَفَرَجَ,9
4219,فَفَتَحَ,9
4220,وَإِبْرَاهِيمَ,9
4221,أُمَّتِكَ,9
4222,مُطَرِّفٌ,9
4223,سَأَلْنَا,9
4224,فَأَخْرَجَ,9
4225,أَسْفَلِهَا,9
4226,خَرِبَتْ,9
4227,بِسَاحَةِ,9
4228,فَسَاءَ,9
4229,صَبَاحُ,9
4230,الْمُنْذَرِينَ,9
4231,الْجَيْشَ,9
4232,الْمُؤْمِنَاتِ,9
4233,تِسْعٌ,9
4234,الْقَطَّانُ,9
4235,سُنَّةِ,9
4236,اللَّتَيْنِ,9
4237,أَزْوَاجًا,9
4238,يُنَاجِي,9
4239,الثَّنِيَّةِ,9
4240,نَاحِيَةٍ,9
4241,يَبْتَغِي,9
4242,لِلْأَنْصَارِ,9
4243,أَنْبِيَائِهِمْ,9
4244,مُضْطَجِعٌ,9
4245,الصُّفَّةِ,9
4246,دِثَارٍ,9
4247,فَعَمِلَتْ,9
4248,فَرَدَّهُ,9
4249,فَطُفْتُ,9
4250,الصِّدِّيقُ,9
4251,كَعْبٌ,9
4252,يَمُرَّ,9
4253,يَمِينِ,9
4254,يَسَارِ,9
4255,اسْتَقْبَلَ,9
4256,وَدَخَلْتُ,9
4257,الْبَيْتُ,9
4258,شَيْطَانٌ,9
4259,لَكَانَ,9
4260,وَعُتْبَةَ,9
4261,آمُرُكُمْ,9
4262,الْفِتْنَةُ,9
4263,يُفْتَحُ,9
4264,مَسْرُوقًا,9
4265,الْبَابُ,9
4266,وَالدَّرَاوَرْدِيُّ,9
4267,أَبْرِدْ,9
4268,الْبُكَاءِ,9
4269,وَالْعِشَاءَ,9
4270,الْإِنْسَانُ,9
4271,فَيَأْتِيهِمْ,9
4272,حَبِطَ,9
4273,الْقَمَرَ,9
4274,طُلُوعِ,9
4275,سَلَفَ,9
4276,غُرُوبِ,9
4277,يَلِي,9
4278,قَامُوا,9
4279,خُبَيْبِ,9
4280,الْأَذَانَ,9
4281,النَّصَارَى,9
4282,الْغَنَمَ,9
4283,صَوْتَكَ,9
4284,شُعَيْبُ,9
4285,وَاشْرَبُوا,9
4286,فَأَقَمْنَا,9
4287,آمُرَ,9
4288,وَالْعِشَاءِ,9
4289,فَفَاضَتْ,9
4290,فَكَأَنِّي,9
4291,مَرِضَ,9
4292,إِنَّكُنَّ,9
4293,جَبْهَتِهِ,9
4294,يَجْلِسُ,9
4295,فَمُرْ,9
4296,الِاثْنَيْنِ,9
4297,فَارْفَعُوا,9
4298,فَكَأَنَّ,9
4299,الْقِرَاءَةِ,9
4300,نَسِيتَ,9
4301,الْقِيَامَ,9
4302,لِحْيَتِهِ,9
4303,عَرُوبَةَ,9
4304,الْخُرُوجَ,9
4305,كَاذِبًا,9
4306,خَبَّابًا,9
4307,أَزَالُ,9
4308,أَسْجُدُ,9
4309,قِرَاءَةً,9
4310,قَوْمِهِمْ,9
4311,أُمُّكَ,9
4312,اشْدُدْ,9
4313,وَطْأَتَكَ,9
4314,وَالنَّارِ,9
4315,الْأُوَلِ,9
4316,صَبِيحَةَ,9
4317,تَصْدِيقَ,9
4318,السَّاعِدِيُّ,9
4319,الصَّوْتِ,9
4320,وَاجِبٌ,9
4321,مِسْكِينٍ,9
4322,فَكَأَنَّمَا,9
4323,بَدَنَةً,9
4324,الْقُرَى,9
4325,بِمَالٍ,9
4326,أُعْطِي,9
4327,بِمَنْ,9
4328,الْجَيْشُ,9
4329,شَاتَيْنِ,9
4330,بَعْثًا,9
4331,اجْعَلْهَا,9
4332,أَصَحُّ,9
4333,الْقِرَاءَةَ,9
4334,وَكَأَنَّ,9
4335,رِعْلٍ,9
4336,وَذَكْوَانَ,9
4337,أَكَلُوا,9
4338,فَارْتَقِبْ,9
4339,بِدُخَانٍ,9
4340,مُبِينٍ,9
4341,فَاسْتَسْقَى,9
4342,الشِّمَالِ,9
4343,فَثَارَ,9
4344,الرِّيحُ,9
4345,قَرْنُ,9
4346,رَأَيْتُمُوهُمَا,9
4347,لِأَنَّهُ,9
4348,زِيَادُ,9
4349,مُنَادِيًا,9
4350,وَسُلَيْمَانُ,9
4351,تُؤْمِنُ,9
4352,السَّيْرُ,9
4353,بَيْنَهَا,9
4354,رَاكِبٌ,9
4355,الْحُسَيْنُ,9
4356,نَائِمًا,9
4357,وَإِلَيْكَ,9
4358,صِيَامُ,9
4359,ثُلُثُ,9
4360,عَمَلٍ,9
4361,عَمِلْتُ,9
4362,يُؤْذَنَ,9
4363,الْعَظِيمِ,9
4364,شَرٌّ,9
4365,الْجُرَيْرِيُّ,9
4366,بِحَجَّةٍ,9
4367,وَمِنْبَرِي,9
4368,صَوْمَ,9
4369,رَأَوْهُ,9
4370,وَفِيهِمْ,9
4371,الْوَلَدِ,9
4372,بِامْرَأَةٍ,9
4373,إِزَارَهُ,9
4374,يَبْعَثُهُ,9
4375,قَمِيصَهُ,9
4376,اسْتَغْفِرْ,9
4377,يَغْفِرَ,9
4378,دُفِنَ,9
4379,أَجْرِهِ,9
4380,ابْنَةٌ,9
4381,أَحَدِهِمَا,9
4382,فَانْظُرْ,9
4383,يَتَكَفَّفُونَ,9
4384,عَمْرَةُ,9
4385,أَخْبَرَ,9
4386,سَبْرَةَ,9
4387,جَنَازَةٍ,9
4388,يَكُ,9
4389,نَبِيِّكُمْ,9
4390,مَفَاتِيحَ,9
4391,صَادِقٌ,9
4392,أَضْرِبْ,9
4393,الْوَفَاةُ,9
4394,نَتَّكِلُ,9
4395,وَاتَّقَى,9
4396,نَارِ,9
4397,مَقْعَدُهُ,9
4398,أَحَقَّ,9
4399,صَيْفِيٍّ,9
4400,مَوْهَبٍ,9
4401,مَالَهُ,9
4402,رَقَبَتِهِ,9
4403,أَمْلِكُ,9
4404,بِصَدَقَةٍ,9
4405,أَنْفَقَتْ,9
4406,لَبُونٍ,9
4407,فَفِيهَا,9
4408,تِسْعِينَ,9
4409,فَأَخْبِرْهُمْ,9
4410,شَأْنُكَ,9
4411,حَقِّهِ,9
4412,أَرَادَتْ,9
4413,تَشْتَرِيَ,9
4414,اشْتَرِيهَا,9
4415,وَأَبْوَالِهَا,9
4416,جِهَادٌ,9
4417,تَلْبَسُوا,9
4418,حَرَامًا,9
4419,هَدْيِي,9
4420,فَحَدَّثْتُهُ,9
4421,أُبَالِي,9
4422,قَوَاعِدِ,9
4423,بَابِهِ,9
4424,يَرِثُ,9
4425,الْحَجَّاجِ,9
4426,حَجَرًا,9
4427,وَالْعُمْرَةِ,9
4428,الطَّوَافَ,9
4429,رُفَيْعٍ,9
4430,يَدْخُلْ,9
4431,عَاتِقِهِ,9
4432,هَدْيًا,9
4433,لِأَنَّهَا,9
4434,لَيْتَ,9
4435,جَمْعٍ,9
4436,فَنِمْتُ,9
4437,زَمَنَ,9
4438,بِضْعَ,9
4439,يَحْرُمُ,9
4440,وَأَصْحَابِهِ,9
4441,إِنَّكِ,9
4442,رَجَبٍ,9
4443,بِبَيْتٍ,9
4444,قَصَبٍ,9
4445,آيِبُونَ,9
4446,تَائِبُونَ,9
4447,عَابِدُونَ,9
4448,لِرَبِّنَا,9
4449,حَامِدُونَ,9
4450,الْعَذَابِ,9
4451,سِتَّةٍ,9
4452,انْطَلَقْنَا,9
4453,صَيْدٍ,9
4454,تَحِلُّ,9
4455,الْمِسْوَرُ,9
4456,نَذَرَ,9
4457,تَوَلَّى,9
4458,تَصُومُ,9
4459,فَيُفْتَحُ,9
4460,قُدِّرَ,9
4461,تَصُومَ,9
4462,مُتَتَابِعَيْنِ,9
4463,بِعَرَقٍ,9
4464,صَوْمُ,9
4465,أَبِيتُ,9
4466,يُطْعِمُنِي,9
4467,إِيَّاكُمْ,9
4468,نَمِرَةً,9
4469,عُتْبَةُ,9
4470,وَلِلْعَاهِرِ,9
4471,شَبَهِهِ,9
4472,رَآهَا,9
4473,بِتَمْرَةٍ,9
4474,بَاعَ,9
4475,بَيْعِهِمَا,9
4476,غَزَاةٍ,9
4477,تُلَاعِبُهَا,9
4478,وَتُلَاعِبُكَ,9
4479,يُعَذَّبُونَ,9
4480,هِلَالٌ,9
4481,الذَّهَبُ,9
4482,فَاجْلِدُوهَا,9
4483,وَالطَّاعَةِ,9
4484,الْعَرَايَا,9
4485,سَدَّ,9
4486,هَادِيًا,9
4487,فَلَبِثْتُ,9
4488,دَارَ,9
4489,تَبَيَّنَ,9
4490,أَخَذْتُ,9
4491,فَارْجُمْهَا,9
4492,انْظُرُوا,9
4493,فَضْلَ,9
4494,عِنْدَكِ,9
4495,الدَّيْنِ,9
4496,الْبَشَرِ,9
4497,الْفُرْقَانِ,9
4498,أَقْرَأَنِيهَا,9
4499,غَنَمِهِ,9
4500,مُحْرِزٍ,9
4501,فَتَقُولُ,9
4502,فَلَعَلَّ,9
4503,وَحَفْصَةُ,9
4504,نَاحِيَةِ,9
4505,الْقُدُورَ,9
4506,عَشَرَةً,9
4507,أَنْهَرَ,9
4508,عَتَقَ,9
4509,عَامِرًا,9
4510,فَنُهُوا,9
4511,يُتْلَى,9
4512,وَلَكِنَّا,9
4513,الْفُضَيْلُ,9
4514,سَبْيِ,9
4515,الْفَرَسِ,9
4516,تَرْجِعَ,9
4517,رَدَّهُ,9
4518,ادْخُلْ,9
4519,فَجِيءَ,9
4520,فَأَرْفَعُ,9
4521,الْكَبَائِرِ,9
4522,فَعَرَفَ,9
4523,غَزَاهَا,9
4524,آذَنَ,9
4525,تَسْمَعِي,9
4526,رَأَيْتِ,9
4527,أَقْرَأُ,9
4528,الْمُسْتَعَانُ,9
4529,قَذَفَ,9
4530,تَجْرِي,9
4531,عَسِيفًا,9
4532,قَوْمِكَ,9
4533,صَحِبَ,9
4534,عَيْشُ,9
4535,سَكِينَةً,9
4536,شِعْبًا,9
4537,بَغْلَتِهِ,9
4538,وَسَعِيدَ,9
4539,كُلٌّ,9
4540,ثَدْيَيْهِ,9
4541,عَمَلَ,9
4542,أَقْتُلَهُ,9
4543,عَاصِمِ,9
4544,بِأَعْوَرَ,9
4545,حَيَاتَهُ,9
4546,حَمَلَكُمْ,9
4547,حَابِسٍ,9
4548,بِأَكْثَرَ,9
4549,فَصَبَرَ,9
4550,فِتْنَةٌ,9
4551,اقْبَلُوا,9
4552,الْبُشْرَى,9
4553,الْخَلْقَ,9
4554,نُفَيْلٍ,9
4555,تَذْهَبُ,9
4556,فَيَعْمَلُ,9
4557,أَغَارُ,9
4558,يَضُرَّهُ,9
4559,عَشْرِ,9
4560,حَفِظْتُهُ,9
4561,تُعْطَهْ,9
4562,نُعْمٍ,9
4563,أَحَدِ,9
4564,ثُلُثَ,9
4565,عَتَبَةَ,9
4566,بَارَكْتَ,9
4567,حَمِيدٌ,9
4568,مَجِيدٌ,9
4569,أَصَبْتَ,9
4570,عِنَبَةٌ,9
4571,طَافِيَةٌ,9
4572,رِبْعِيِّ,9
4573,شِئْتُ,9
4574,يُصِيبُهُ,9
4575,حَمَلَكَ,9
4576,بِبَعْضِهِ,9
4577,الْحَقَّ,9
4578,أَزْهَرُ,9
4579,إِيَّايَ,9
4580,يَدْعُونَ,9
4581,أَحْبَبْتَ,9
4582,بَيَانٍ,9
4583,رَأَوْهَا,9
4584,فَدَعَوْتُ,9
4585,الدُّخَانِ,9
4586,ابْنَيْ,9
4587,لِنَبِيِّهِ,9
4588,وَرَجَعْتُ,9
4589,أَشْفَعُ,9
4590,فَيَحُدُّ,9
4591,وَهْيَ,9
4592,أَوْلَمَ,9
4593,الْقُعَيْسِ,9
4594,أَرْضَعَتْنِي,9
4595,أُوتِيتُ,9
4596,طَعْمُهَا,9
4597,مُرٌّ,9
4598,وَسُورَةُ,9
4599,صِدْتَ,9
4600,يُوعَكُ,9
4601,الْأَعْمَالُ,8
4602,يُصِيبُهَا,8
4603,كَبِيرًا,8
4604,عَمِيَ,8
4605,بِحِرَاءٍ,8
4606,لِتَعْجَلَ,8
4607,أَجْوَدَ,8
4608,يَأْمُرُكُمْ,8
4609,الْكَذِبَ,8
4610,الْهُدَى,8
4611,اشْهَدُوا,8
4612,زِلْتُ,8
4613,فَانْظُرُوا,8
4614,لِأَخِيهِ,8
4615,وَوَلَدِهِ,8
4616,جَبْرٍ,8
4617,تَزْنُوا,8
4618,كَفَّارَةٌ,8
4619,مَبْرُورٌ,8
4620,قَتْلِ,8
4621,لَظُلْمٌ,8
4622,خَاصَمَ,8
4623,يُعْجِبُهُ,8
4624,دِينًا,8
4625,السَّبْعِ,8
4626,تَلَا,8
4627,وَالنُّصْحِ,8
4628,الْعَفْوَ,8
4629,فَمَضَى,8
4630,وَيْلٌ,8
4631,شَجَرَةً,8
4632,شَرِيكِ,8
4633,نَفْسِكَ,8
4634,أَمَرَكَ,8
4635,الْأَيَّامِ,8
4636,يَمْنَعُنِي,8
4637,الْحُوتِ,8
4638,فَتَاهُ,8
4639,أَنْسَانِيهِ,8
4640,أَذْكُرَهُ,8
4641,آثَارِهِمَا,8
4642,أُبَيٌّ,8
4643,أَرْضًا,8
4644,دِينِ,8
4645,الزِّنَا,8
4646,أَوَّلْتَهُ,8
4647,ذَبَحْتُ,8
4648,رُبَّمَا,8
4649,فَأَتَتْهُ,8
4650,وَالَّتِي,8
4651,بِخَبَرِ,8
4652,وَغَيْرِهِ,8
4653,صَاحِبِي,8
4654,اللُّقَطَةِ,8
4655,اعْرِفْ,8
4656,الشَّجَرَ,8
4657,حُذَافَةَ,8
4658,رُكْبَتَيْهِ,8
4659,بِكَلِمَةٍ,8
4660,الشَّعْبِيُّ,8
4661,مَوَالِيهِ,8
4662,أَمَةٌ,8
4663,أَعْتَقَهَا,8
4664,فَتَزَوَّجَهَا,8
4665,دُونَهَا,8
4666,يُسْمِعْ,8
4667,وَأَمَرَهُنَّ,8
4668,دَمًا,8
4669,بِالْأَمْسِ,8
4670,لِلزُّبَيْرِ,8
4671,فَلْيَتَبَوَّأْ,8
4672,خُزَاعَةَ,8
4673,تَحِلَّ,8
4674,بِخَيْرِ,8
4675,فَجَعَلَنِي,8
4676,حَفِظْتُ,8
4677,عَدُوُّ,8
4678,مِكْتَلٍ,8
4679,جَاوَزَ,8
4680,الْمَكَانَ,8
4681,وَأَنَّى,8
4682,فَمَرَّتْ,8
4683,نَوْلٍ,8
4684,حَدِيثٌ,8
4685,مَوْتِهِ,8
4686,ابْنَةِ,8
4687,مَسَّهُ,8
4688,نَفَخَ,8
4689,شَنٍّ,8
4690,مَنْصُورُ,8
4691,ثِيَابِي,8
4692,حُمْرَانَ,8
4693,أُحَدِّثُكُمْ,8
4694,التَّرْوِيَةِ,8
4695,أُرْسِلُ,8
4696,تُسَمِّ,8
4697,وَطَلْحَةَ,8
4698,بِقَلِيلٍ,8
4699,قَائِمَةٌ,8
4700,أَرَهُ,8
4701,أُوحِيَ,8
4702,بِالْهَاجِرَةِ,8
4703,يُصَدِّقُ,8
4704,يَرِثُنِي,8
4705,وَاشْتَدَّ,8
4706,أَصَابِعَهُ,8
4707,خُفَّيْهِ,8
4708,يَحْتَزُّ,8
4709,يَسْتَتِرُ,8
4710,إِنَّهُمَا,8
4711,فَنَهَاهُمْ,8
4712,فَجِئْتُهُ,8
4713,أَحَدِهِمْ,8
4714,الثَّوْبَ,8
4715,آثَارِهِمْ,8
4716,ارْتَفَعَ,8
4717,الْأَعْرَجَ,8
4718,سَمَّى,8
4719,فَأُخِذَ,8
4720,فَأَنْتَ,8
4721,أَغْتَسِلُ,8
4722,شَعَرًا,8
4723,سَائِرِ,8
4724,كَثِيرُ,8
4725,مَحْبُوبٍ,8
4726,نَتَحَدَّثُ,8
4727,الطِّيبِ,8
4728,ظَنَّ,8
4729,الْحَائِطِ,8
4730,تَأْخُذُ,8
4731,ثَوْبِي,8
4732,سَبْعَةٌ,8
4733,وَعِزَّتِكَ,8
4734,هِرٍّ,8
4735,وَجَبَ,8
4736,حُجْرَتِهَا,8
4737,خَلِيلٍ,8
4738,عِيَاضِ,8
4739,إِحْدَاكُنَّ,8
4740,قُلْنَ,8
4741,مَيِّتٍ,8
4742,أَهْلَلْتُ,8
4743,لَيْلَةُ,8
4744,أَهْدَيْتُ,8
4745,فَسَأَلَتْ,8
4746,أُخْتِهَا,8
4747,أَعَلَى,8
4748,الْحُيَّضُ,8
4749,هِشَامَ,8
4750,فَهَلَكَتْ,8
4751,فَلَقِيَهُ,8
4752,وَيَرْفَعُ,8
4753,جَمَعُوا,8
4754,يَدَيْهَا,8
4755,ضَرْبَةً,8
4756,كَفِّهِ,8
4757,بِمَاءِ,8
4758,حِكْمَةً,8
4759,بَنِيهِ,8
4760,بِالْأَخِ,8
4761,تُطِيقُ,8
4762,أَلْقَى,8
4763,الصِّبْيَانِ,8
4764,أَرْدَفَ,8
4765,بِغَلَسٍ,8
4766,فَخِذِهِ,8
4767,الْكَلْبِيُّ,8
4768,الْفَجْرَ,8
4769,عَادَ,8
4770,مَشْرُبَةٍ,8
4771,لِطَعَامٍ,8
4772,طَرَفَ,8
4773,الشَّأْمَ,8
4774,دَخَلْتَ,8
4775,يَهْدِي,8
4776,تَوَجَّهَ,8
4777,بَشَرٌ,8
4778,بَعْضَهُ,8
4779,قِبْلَةِ,8
4780,دَامَ,8
4781,سَابَقَ,8
4782,فَتَلَاعَنَا,8
4783,فَأَذِنْتُ,8
4784,تَصَاوِيرُ,8
4785,بَاكِينَ,8
4786,ذَكَرَتْ,8
4787,الصُّوَرِ,8
4788,اتَّخَذُوا,8
4789,قُبُورَ,8
4790,الزُّرَقِيِّ,8
4791,مَسْجِدَ,8
4792,أَجِبْ,8
4793,يَلْعَبُونَ,8
4794,فَصَعِدَ,8
4795,كَشَفَ,8
4796,نَحْوَهَا,8
4797,سَوَارِي,8
4798,صَارَ,8
4799,مُتَّخِذًا,8
4800,وَأُسَامَةُ,8
4801,بُكْرَةً,8
4802,وَيَقْرَأُ,8
4803,رَفَعَهُ,8
4804,وَوَضَعَ,8
4805,وَافَقَ,8
4806,أَعْلَاهَا,8
4807,كَثِيرَةٌ,8
4808,الشَّاةِ,8
4809,فَمَشَى,8
4810,يَسْأَلُهُ,8
4811,شَمْسٍ,8
4812,الْبَحْرُ,8
4813,شِدَّةَ,8
4814,تَسْأَلُونِي,8
4815,دُمْتُ,8
4816,يُبَالِي,8
4817,الْأَسْلَمِيِّ,8
4818,الْمَكْتُوبَةَ,8
4819,قُبَاءٍ,8
4820,وَصَلَاةِ,8
4821,أَشَاءُ,8
4822,وَلَكُمْ,8
4823,الْأَسْوَدَ,8
4824,ارْتَفَعَتْ,8
4825,شَطْرُ,8
4826,الْأَجَلُ,8
4827,الْإِقَامَةَ,8
4828,إِخْوَانِنَا,8
4829,يَجِدُوا,8
4830,الصَّائِمُ,8
4831,ثَابِتًا,8
4832,يَتَكَلَّمُ,8
4833,فَاقْرَءُوا,8
4834,نَارٍ,8
4835,خُبَيْبُ,8
4836,ذَاتُ,8
4837,فَحَضَرَتْ,8
4838,مَكَانَكَ,8
4839,سَحَابَةٌ,8
4840,فَصَنَعَ,8
4841,حَيَاةِ,8
4842,تَبَسَّمَ,8
4843,وَتَقَدَّمَ,8
4844,بُدَّ,8
4845,وَعُبَيْدُ,8
4846,خَطَايَايَ,8
4847,عَمَّارًا,8
4848,يَزْعُمُونَ,8
4849,صَدَقْتَ,8
4850,حِيلَ,8
4851,الشَّيَاطِينِ,8
4852,سُورَةً,8
4853,فَنَهَانِي,8
4854,شَبَهًا,8
4855,سَحَابٌ,8
4856,يُحْشَرُ,8
4857,فَمِنْهُمْ,8
4858,السَّعْدَانِ,8
4859,مَاءُ,8
4860,رِيحُهَا,8
4861,خَلْقِكَ,8
4862,الْخُدْرِيُّ,8
4863,حَلِيفٌ,8
4864,مَنَافٍ,8
4865,أَدْعُو,8
4866,تَقُولُوا,8
4867,يَقُومَ,8
4868,كِتَابٍ,8
4869,يَنْفَعُ,8
4870,غِنًى,8
4871,بِالْحُدَيْبِيَةِ,8
4872,مَعْبَدِ,8
4873,مَخْلَدُ,8
4874,أَخْبَرَتْهَا,8
4875,فَأَشْهَدُ,8
4876,رَاعِيَةٌ,8
4877,سَيِّدِهِ,8
4878,جَوْفِ,8
4879,الْحَيَّ,8
4880,وَلِيَ,8
4881,مُحْسِنِهِمْ,8
4882,كَالَّذِي,8
4883,الْخَوْفِ,8
4884,فَذُكِرَ,8
4885,تَزَوَّجَهَا,8
4886,ابْتَعْ,8
4887,فَإِمَّا,8
4888,دُونَكُمْ,8
4889,نَرْجِعَ,8
4890,وَعَرَفْتُ,8
4891,يَفْعَلُوا,8
4892,الْعِيدَ,8
4893,السِّلَاحِ,8
4894,يَرْجِعْ,8
4895,سِتِّ,8
4896,فَلْيَذْبَحْ,8
4897,يَرْفَعَ,8
4898,الْقُرَّاءُ,8
4899,يَسْتَسْقِي,8
4900,الْجُوعِ,8
4901,هَلَكُوا,8
4902,مَضَتْ,8
4903,الزَّمَانُ,8
4904,وَيَكْثُرَ,8
4905,يَجُرُّ,8
4906,فَنَحْنُ,8
4907,مَحْرَمٍ,8
4908,أَجْرِ,8
4909,الْقَائِمِ,8
4910,فَقَصَصْتُهَا,8
4911,حُسَيْنَ,8
4912,الْعَمَلَ,8
4913,الْخُرُوجِ,8
4914,بِأَمْرِ,8
4915,يَبِيتُ,8
4916,عِرَاكِ,8
4917,دِينِي,8
4918,سَيْفُ,8
4919,أَمُوتَ,8
4920,الْوَادِيَ,8
4921,سَلَّمْتُ,8
4922,وَأَكْثَرُ,8
4923,أَزْهَرَ,8
4924,فَقُولِي,8
4925,وَتَشْمِيتِ,8
4926,آنِيَةِ,8
4927,رَحْمَةُ,8
4928,نَعَى,8
4929,اغْسِلْنَهَا,8
4930,فَرَغْنَا,8
4931,رَأْسَهَا,8
4932,اللَّاتِي,8
4933,فَأَتَانَا,8
4934,اغْسِلُوهُ,8
4935,وَكَفِّنُوهُ,8
4936,تَسْتَغْفِرْ,8
4937,هَاجَرْنَا,8
4938,بِطِيبٍ,8
4939,فَرُفِعَ,8
4940,قُلُوبِ,8
4941,أَفَأَتَصَدَّقُ,8
4942,وَالثُّلُثُ,8
4943,أَغْنِيَاءَ,8
4944,عَالَةً,8
4945,وَإِنَّكَ,8
4946,أَقْوَامٌ,8
4947,خَوْلَةَ,8
4948,لِإِبْرَاهِيمَ,8
4949,تَذْرِفَانِ,8
4950,وَامْرَأَةٍ,8
4951,فَرُجِمَا,8
4952,قَتْلَى,8
4953,لِلْقُرْآنِ,8
4954,خَزَائِنِ,8
4955,فَوَضَعَهُ,8
4956,يَتَّقِي,8
4957,أَبُوهُ,8
4958,مِلَّةِ,8
4959,يَنْكُتُ,8
4960,ثَابِتِ,8
4961,مُرَّ,8
4962,عَذَابَ,8
4963,فَضَرَبَهُ,8
4964,كَادَ,8
4965,صَدْرَ,8
4966,الْإِبِلُ,8
4967,حَقَّهَا,8
4968,وَكَتَبَ,8
4969,كَأَنَّهُمْ,8
4970,أُحُدًا,8
4971,طَيِّبٍ,8
4972,يَقْبَلُ,8
4973,بِصَاعٍ,8
4974,فَلَعَلَّهُ,8
4975,طَعَامِ,8
4976,أَثَرَهُ,8
4977,يُجْمَعُ,8
4978,فَرِيضَةَ,8
4979,وَيَشْرَبُ,8
4980,رَايِحٌ,8
4981,بِالشَّرِّ,8
4982,يُنْزَلُ,8
4983,بُورِكَ,8
4984,فَيَأْبَى,8
4985,غَزَوْنَا,8
4986,وَادِيَ,8
4987,تَمْرَةً,8
4988,هَلَّا,8
4989,أَعْيُنَهُمْ,8
4990,بِالْحَرَّةِ,8
4991,وَجَاءَتْ,8
4992,فَعَدَلَ,8
4993,وَرْقَاءَ,8
4994,هُنَّ,8
4995,أَهْلَلْتَ,8
4996,بِالرَّحِيلِ,8
4997,لِقَوْلِ,8
4998,لَفَعَلْتُ,8
4999,الْكَعْبَةُ,8
